[{"pk": 1, "model": "contenttypes.contenttype", "fields": {"model": "permission", "name": "permission", "app_label": "auth"}}, {"pk": 2, "model": "contenttypes.contenttype", "fields": {"model": "group", "name": "group", "app_label": "auth"}}, {"pk": 4, "model": "contenttypes.contenttype", "fields": {"model": "contenttype", "name": "content type", "app_label": "contenttypes"}}, {"pk": 5, "model": "contenttypes.contenttype", "fields": {"model": "session", "name": "session", "app_label": "sessions"}}, {"pk": 6, "model": "contenttypes.contenttype", "fields": {"model": "site", "name": "site", "app_label": "sites"}}, {"pk": 7, "model": "contenttypes.contenttype", "fields": {"model": "product", "name": "product", "app_label": "products"}}, {"pk": 8, "model": "contenttypes.contenttype", "fields": {"model": "logentry", "name": "log entry", "app_label": "admin"}}, {"pk": 10, "model": "contenttypes.contenttype", "fields": {"model": "box", "name": "box", "app_label": "boxes"}}, {"pk": 11, "model": "contenttypes.contenttype", "fields": {"model": "user", "name": "user", "app_label": "users"}}, {"pk": 12, "model": "contenttypes.contenttype", "fields": {"model": "migrationhistory", "name": "migration history", "app_label": "south"}}, {"pk": 13, "model": "contenttypes.contenttype", "fields": {"model": "productsurvey", "name": "product survey", "app_label": "surveys"}}, {"pk": 14, "model": "contenttypes.contenttype", "fields": {"model": "boxsurvey", "name": "box survey", "app_label": "surveys"}}, {"pk": 15, "model": "contenttypes.contenttype", "fields": {"model": "profile", "name": "profile", "app_label": "users"}}, {"pk": 16, "model": "contenttypes.contenttype", "fields": {"model": "eventprocessingexception", "name": "event processing exception", "app_label": "payments"}}, {"pk": 17, "model": "contenttypes.contenttype", "fields": {"model": "event", "name": "event", "app_label": "payments"}}, {"pk": 18, "model": "contenttypes.contenttype", "fields": {"model": "transfer", "name": "transfer", "app_label": "payments"}}, {"pk": 19, "model": "contenttypes.contenttype", "fields": {"model": "transferchargefee", "name": "transfer charge fee", "app_label": "payments"}}, {"pk": 20, "model": "contenttypes.contenttype", "fields": {"model": "customer", "name": "customer", "app_label": "payments"}}, {"pk": 21, "model": "contenttypes.contenttype", "fields": {"model": "currentsubscription", "name": "current subscription", "app_label": "payments"}}, {"pk": 22, "model": "contenttypes.contenttype", "fields": {"model": "invoice", "name": "invoice", "app_label": "payments"}}, {"pk": 23, "model": "contenttypes.contenttype", "fields": {"model": "invoiceitem", "name": "invoice item", "app_label": "payments"}}, {"pk": 24, "model": "contenttypes.contenttype", "fields": {"model": "charge", "name": "charge", "app_label": "payments"}}, {"pk": 29, "model": "contenttypes.contenttype", "fields": {"model": "attr", "name": "attr", "app_label": "attr"}}, {"pk": 30, "model": "contenttypes.contenttype", "fields": {"model": "profileattr", "name": "profile attr", "app_label": "attr"}}, {"pk": 31, "model": "contenttypes.contenttype", "fields": {"model": "boxattr", "name": "box attr", "app_label": "attr"}}, {"pk": 32, "model": "contenttypes.contenttype", "fields": {"model": "captchastore", "name": "captcha store", "app_label": "captcha"}}, {"pk": 33, "model": "contenttypes.contenttype", "fields": {"model": "productattr", "name": "product attr", "app_label": "attr"}}, {"pk": 34, "model": "contenttypes.contenttype", "fields": {"model": "boxfeedback", "name": "box feedback", "app_label": "boxes"}}, {"pk": 37, "model": "contenttypes.contenttype", "fields": {"model": "vertical", "name": "vertical", "app_label": "attr"}}, {"pk": 38, "model": "contenttypes.contenttype", "fields": {"model": "producttype", "name": "product type", "app_label": "attr"}}, {"pk": 40, "model": "contenttypes.contenttype", "fields": {"model": "productfeedback", "name": "product feedback", "app_label": "products"}}, {"pk": 41, "model": "contenttypes.contenttype", "fields": {"model": "preferences", "name": "preferences", "app_label": "preferences"}}, {"pk": "0jznyg28zqjf0iibepkc1z5plwv2fs0i", "model": "sessions.session", "fields": {"expire_date": "2014-02-13T00:33:02Z", "session_data": "MzAzYzJlOTdiOTQ4MGY5ZWE5ZmU0MDE1ZThhOTc3MjI0ZDM2ZTkyZjp7Il9hdXRoX3VzZXJfYmFja2VuZCI6ImRqYW5nby5jb250cmliLmF1dGguYmFja2VuZHMuTW9kZWxCYWNrZW5kIiwiX2F1dGhfdXNlcl9pZCI6MTN9"}}, {"pk": "154456a5u72dgz8a66ri5pzyd7po9sci", "model": "sessions.session", "fields": {"expire_date": "2014-03-18T15:09:41Z", "session_data": "NGRjNjU1MTNlNTQ4MDI5YThkOWNhNzFmYzAzMmFhMDE3NGNjM2Q5Njp7Il9hdXRoX3VzZXJfYmFja2VuZCI6ImRqYW5nby5jb250cmliLmF1dGguYmFja2VuZHMuTW9kZWxCYWNrZW5kIiwiX2F1dGhfdXNlcl9pZCI6NjN9"}}, {"pk": "2jsogorcgj2p6384f343wb5ce1gt35dw", "model": "sessions.session", "fields": {"expire_date": "2014-02-15T21:16:33Z", "session_data": "MWI2NTM5MDA1MjEzMjI1M2EyMjk4NzFkYTI0ZGYwM2ZmZTU5YTIwNDp7Il9hdXRoX3VzZXJfYmFja2VuZCI6ImRqYW5nby5jb250cmliLmF1dGguYmFja2VuZHMuTW9kZWxCYWNrZW5kIiwiX2F1dGhfdXNlcl9pZCI6NDB9"}}, {"pk": "2midgc6iw8grsebpcdtzy5ewcvgcbd07", "model": "sessions.session", "fields": {"expire_date": "2014-02-18T18:02:18Z", "session_data": "MzAzYzJlOTdiOTQ4MGY5ZWE5ZmU0MDE1ZThhOTc3MjI0ZDM2ZTkyZjp7Il9hdXRoX3VzZXJfYmFja2VuZCI6ImRqYW5nby5jb250cmliLmF1dGguYmFja2VuZHMuTW9kZWxCYWNrZW5kIiwiX2F1dGhfdXNlcl9pZCI6MTN9"}}, {"pk": "3oy9ozzxbhzn40ggx1eaw089gi5c433r", "model": "sessions.session", "fields": {"expire_date": "2014-02-18T04:14:49Z", "session_data": "NjFiM2Q0YjU0ODQyNzlkZmNlZWNlN2IzZTA5YzI4NzkzOGZjYzE2MTp7fQ=="}}, {"pk": "44mnl4dlhpd87dprr8k898uxi8vf4hx8", "model": "sessions.session", "fields": {"expire_date": "2014-02-18T18:08:46Z", "session_data": "MjhjYWIzNzljZWM2MjIwMDkyZDZhMjY0ZTExN2NiN2U0MWFiNDE2Zjp7Il9hdXRoX3VzZXJfYmFja2VuZCI6ImRqYW5nby5jb250cmliLmF1dGguYmFja2VuZHMuTW9kZWxCYWNrZW5kIiwiX2F1dGhfdXNlcl9pZCI6NDZ9"}}, {"pk": "4xeuqabg537dcer2fvpvib59w01vgjxz", "model": "sessions.session", "fields": {"expire_date": "2014-04-16T19:25:44Z", "session_data": "ZGY1OGYwNjM1NTM4NDZjNTgzMzYzZGI5YjBmYjM2M2VjY2FkZTQwODp7Il9hdXRoX3VzZXJfYmFja2VuZCI6ImRqYW5nby5jb250cmliLmF1dGguYmFja2VuZHMuTW9kZWxCYWNrZW5kIiwiX2F1dGhfdXNlcl9pZCI6NjJ9"}}, {"pk": "7knf4kk71pchumltqnzg1dd6ijmkv4co", "model": "sessions.session", "fields": {"expire_date": "2014-03-03T23:21:28Z", "session_data": "NjFiM2Q0YjU0ODQyNzlkZmNlZWNlN2IzZTA5YzI4NzkzOGZjYzE2MTp7fQ=="}}, {"pk": "7rxq0ps08vjnlflnkthixxktr8ztnq5u", "model": "sessions.session", "fields": {"expire_date": "2014-03-18T02:39:40Z", "session_data": "YmQ5NzViNDAyZGRjOTMwYzQzOGIzZjYwY2NkNGY4M2I1ZjY4YjVmZjp7Il9hdXRoX3VzZXJfYmFja2VuZCI6ImRqYW5nby5jb250cmliLmF1dGguYmFja2VuZHMuTW9kZWxCYWNrZW5kIiwiX2F1dGhfdXNlcl9pZCI6NjF9"}}, {"pk": "7w11myvwuoria6hyehyq072gce9t12f6", "model": "sessions.session", "fields": {"expire_date": "2014-03-21T01:04:42Z", "session_data": "NThmMTk5ZjYyM2NlMTkwYTExM2UzMGQyNzVkZDEyMGMxZjEzODlhNzp7Il9hdXRoX3VzZXJfYmFja2VuZCI6ImRqYW5nby5jb250cmliLmF1dGguYmFja2VuZHMuTW9kZWxCYWNrZW5kIiwiX2F1dGhfdXNlcl9pZCI6Mzh9"}}, {"pk": "8k1r79iyt8snl5jd1x0hwhxn9qrjblw4", "model": "sessions.session", "fields": {"expire_date": "2014-04-13T02:18:17Z", "session_data": "NjFiM2Q0YjU0ODQyNzlkZmNlZWNlN2IzZTA5YzI4NzkzOGZjYzE2MTp7fQ=="}}, {"pk": "8qcsv3l894vty1fpjhfuunlk2wbzgszz", "model": "sessions.session", "fields": {"expire_date": "2014-03-18T11:10:37Z", "session_data": "YzY3YTcxZWZjMjc2YWE0OTA4Nzg3NTYzMjgyMGMxOTdhY2JkMzQwODp7Il9hdXRoX3VzZXJfYmFja2VuZCI6ImRqYW5nby5jb250cmliLmF1dGguYmFja2VuZHMuTW9kZWxCYWNrZW5kIiwiX2F1dGhfdXNlcl9pZCI6Mzd9"}}, {"pk": "9ilzntyf0bfpsls3kljk0y2iqvo7dpyt", "model": "sessions.session", "fields": {"expire_date": "2014-02-12T04:59:25Z", "session_data": "NjFiM2Q0YjU0ODQyNzlkZmNlZWNlN2IzZTA5YzI4NzkzOGZjYzE2MTp7fQ=="}}, {"pk": "9ll42pmcrs7n340ixs8ew1wlw1rbg3y7", "model": "sessions.session", "fields": {"expire_date": "2014-03-16T19:20:17Z", "session_data": "MzAzYzJlOTdiOTQ4MGY5ZWE5ZmU0MDE1ZThhOTc3MjI0ZDM2ZTkyZjp7Il9hdXRoX3VzZXJfYmFja2VuZCI6ImRqYW5nby5jb250cmliLmF1dGguYmFja2VuZHMuTW9kZWxCYWNrZW5kIiwiX2F1dGhfdXNlcl9pZCI6MTN9"}}, {"pk": "aobiwvoux2jvwr52h69oqbbjl47f8ok9", "model": "sessions.session", "fields": {"expire_date": "2014-02-01T03:52:13Z", "session_data": "ZjU2ZmU2MGZhMTllYmVkMGRhMWNhMzc5YzM1ZTI4NGFiY2M3ZTI3Yjp7fQ=="}}, {"pk": "b06vubsskyo1yotz6zocjumasr8ipbp8", "model": "sessions.session", "fields": {"expire_date": "2014-03-26T04:22:37Z", "session_data": "NjFiM2Q0YjU0ODQyNzlkZmNlZWNlN2IzZTA5YzI4NzkzOGZjYzE2MTp7fQ=="}}, {"pk": "cruzlz1z2k381l7ci6cahy4syjg3ntm4", "model": "sessions.session", "fields": {"expire_date": "2014-02-27T17:31:03Z", "session_data": "NDYzMTI4YWE4ZWYyM2M4NmExYTJhZjAzZjYwZjc0NGYxNjMwYzcyMTp7Il9hdXRoX3VzZXJfYmFja2VuZCI6ImRqYW5nby5jb250cmliLmF1dGguYmFja2VuZHMuTW9kZWxCYWNrZW5kIiwiX2F1dGhfdXNlcl9pZCI6NTN9"}}, {"pk": "d8416y1mq4v85udyok5ofyjlsw766lu7", "model": "sessions.session", "fields": {"expire_date": "2014-03-20T23:55:08Z", "session_data": "ZWI4ZDM5NTYwMTU5YjEyYTI1ZTIzMGEzM2UyNGYxNzkwMTM2MmNhNTp7Il9hdXRoX3VzZXJfYmFja2VuZCI6ImRqYW5nby5jb250cmliLmF1dGguYmFja2VuZHMuTW9kZWxCYWNrZW5kIiwiX2F1dGhfdXNlcl9pZCI6Njd9"}}, {"pk": "dfxlzf5ioxyxnlhqwvor83fertp8nmkg", "model": "sessions.session", "fields": {"expire_date": "2014-02-17T20:19:55Z", "session_data": "NGM2MDc4Y2FlYmY0ODhlZDM2ZDczMTE5NDcxYzQ5MWI3MzQ3YWFiZjp7Il9hdXRoX3VzZXJfYmFja2VuZCI6ImRqYW5nby5jb250cmliLmF1dGguYmFja2VuZHMuTW9kZWxCYWNrZW5kIiwiX2F1dGhfdXNlcl9pZCI6NDJ9"}}, {"pk": "esvkei34e69cxltqtmn4vzyp8jhrym30", "model": "sessions.session", "fields": {"expire_date": "2014-03-25T20:12:05Z", "session_data": "MjAwZjAyNGJhZjhhY2JmOTIyMmNkZjc1NzIwNDMxZjQxZDk3NTkxNTp7Il9hdXRoX3VzZXJfYmFja2VuZCI6ImRqYW5nby5jb250cmliLmF1dGguYmFja2VuZHMuTW9kZWxCYWNrZW5kIiwiX2F1dGhfdXNlcl9pZCI6Njl9"}}, {"pk": "f1cspsoumzln6gnembsvlkzvjd8th97f", "model": "sessions.session", "fields": {"expire_date": "2014-04-17T13:37:46Z", "session_data": "NjFiM2Q0YjU0ODQyNzlkZmNlZWNlN2IzZTA5YzI4NzkzOGZjYzE2MTp7fQ=="}}, {"pk": "f7a7i056tytkou53bf3upf6h8dw9r4h4", "model": "sessions.session", "fields": {"expire_date": "2014-03-22T00:57:57Z", "session_data": "MzAzYzJlOTdiOTQ4MGY5ZWE5ZmU0MDE1ZThhOTc3MjI0ZDM2ZTkyZjp7Il9hdXRoX3VzZXJfYmFja2VuZCI6ImRqYW5nby5jb250cmliLmF1dGguYmFja2VuZHMuTW9kZWxCYWNrZW5kIiwiX2F1dGhfdXNlcl9pZCI6MTN9"}}, {"pk": "f81q1dx2u2q8gw89skg1o3hito8k5j5t", "model": "sessions.session", "fields": {"expire_date": "2014-02-18T04:39:56Z", "session_data": "ZWEzYTk1NWY4OWI5MTAwNWM1ZTVhMzIzN2NmZWU0YWQwOGE2NjBkNDp7Il9hdXRoX3VzZXJfYmFja2VuZCI6ImRqYW5nby5jb250cmliLmF1dGguYmFja2VuZHMuTW9kZWxCYWNrZW5kIiwiX2F1dGhfdXNlcl9pZCI6NDN9"}}, {"pk": "fgkq6n7j27d3lnxxx7mgitd5k3y5l3y5", "model": "sessions.session", "fields": {"expire_date": "2014-03-25T23:36:57Z", "session_data": "N2MzYjA1ZjJmNDAzYzUyMDJiMDkyMmY1N2ZiN2Y1Zjg3NTU1MWNlNTp7Il9hdXRoX3VzZXJfYmFja2VuZCI6ImRqYW5nby5jb250cmliLmF1dGguYmFja2VuZHMuTW9kZWxCYWNrZW5kIiwiX2F1dGhfdXNlcl9pZCI6NTR9"}}, {"pk": "fu7c7qastg1t687it0ck24g6xhejk10b", "model": "sessions.session", "fields": {"expire_date": "2014-03-08T21:18:18Z", "session_data": "N2MzYjA1ZjJmNDAzYzUyMDJiMDkyMmY1N2ZiN2Y1Zjg3NTU1MWNlNTp7Il9hdXRoX3VzZXJfYmFja2VuZCI6ImRqYW5nby5jb250cmliLmF1dGguYmFja2VuZHMuTW9kZWxCYWNrZW5kIiwiX2F1dGhfdXNlcl9pZCI6NTR9"}}, {"pk": "g9cslyr2v0zq74rsz7k8stkf9qve2tua", "model": "sessions.session", "fields": {"expire_date": "2014-03-18T02:47:07Z", "session_data": "ZGY1OGYwNjM1NTM4NDZjNTgzMzYzZGI5YjBmYjM2M2VjY2FkZTQwODp7Il9hdXRoX3VzZXJfYmFja2VuZCI6ImRqYW5nby5jb250cmliLmF1dGguYmFja2VuZHMuTW9kZWxCYWNrZW5kIiwiX2F1dGhfdXNlcl9pZCI6NjJ9"}}, {"pk": "hrgqd6o70vdyfg8d7jbgmt19x8ctpv18", "model": "sessions.session", "fields": {"expire_date": "2014-03-18T04:34:39Z", "session_data": "NTAxOWU1MzI4NmZiZWRjYTliZTVlZTA3ZWI5Mzk3MzlkOTY3MDE0Zjp7Il9hdXRoX3VzZXJfYmFja2VuZCI6ImRqYW5nby5jb250cmliLmF1dGguYmFja2VuZHMuTW9kZWxCYWNrZW5kIiwiX2F1dGhfdXNlcl9pZCI6MzV9"}}, {"pk": "ip40tf1hzjt89fkfyhan619cqzocssvm", "model": "sessions.session", "fields": {"expire_date": "2014-02-17T08:17:12Z", "session_data": "NGIxYjM3NDg0NDNmYzc3OGEyY2I5MTZlN2EyMTM5NjNkODc0ZDlmNzp7Il9hdXRoX3VzZXJfYmFja2VuZCI6ImRqYW5nby5jb250cmliLmF1dGguYmFja2VuZHMuTW9kZWxCYWNrZW5kIiwiX2F1dGhfdXNlcl9pZCI6Mzl9"}}, {"pk": "iwtsq6e5wcq1ea9mljyxhghv4vytef5k", "model": "sessions.session", "fields": {"expire_date": "2014-02-19T05:13:02Z", "session_data": "MzAzYzJlOTdiOTQ4MGY5ZWE5ZmU0MDE1ZThhOTc3MjI0ZDM2ZTkyZjp7Il9hdXRoX3VzZXJfYmFja2VuZCI6ImRqYW5nby5jb250cmliLmF1dGguYmFja2VuZHMuTW9kZWxCYWNrZW5kIiwiX2F1dGhfdXNlcl9pZCI6MTN9"}}, {"pk": "iz80fwsti8fz5dfpgub8h6c474t25w4k", "model": "sessions.session", "fields": {"expire_date": "2014-03-31T17:58:44Z", "session_data": "NjFiM2Q0YjU0ODQyNzlkZmNlZWNlN2IzZTA5YzI4NzkzOGZjYzE2MTp7fQ=="}}, {"pk": "j13sqqcf8vbklfham08z2tmlbc732wev", "model": "sessions.session", "fields": {"expire_date": "2014-03-20T17:00:55Z", "session_data": "ZGY1OGYwNjM1NTM4NDZjNTgzMzYzZGI5YjBmYjM2M2VjY2FkZTQwODp7Il9hdXRoX3VzZXJfYmFja2VuZCI6ImRqYW5nby5jb250cmliLmF1dGguYmFja2VuZHMuTW9kZWxCYWNrZW5kIiwiX2F1dGhfdXNlcl9pZCI6NjJ9"}}, {"pk": "j21j9misryzi0krl9g2tykm5ft8vdk7v", "model": "sessions.session", "fields": {"expire_date": "2014-02-18T18:20:14Z", "session_data": "ZWJjZTRjNTAxNTY4M2JjYjAxMWY1OGViNDRiY2U3NTdkNDYzMTE5NDp7Il9hdXRoX3VzZXJfYmFja2VuZCI6ImRqYW5nby5jb250cmliLmF1dGguYmFja2VuZHMuTW9kZWxCYWNrZW5kIiwiX2F1dGhfdXNlcl9pZCI6NDd9"}}, {"pk": "j2pny1gk1yhpeq8hxk2ljjiwfpleep7f", "model": "sessions.session", "fields": {"expire_date": "2014-03-18T02:59:12Z", "session_data": "ZjQzNTJhMGRhZDFmYzQzOTA3ZDA4YmM0YmMzNzM1M2I4MGM5YTA3ODp7Il9hdXRoX3VzZXJfYmFja2VuZCI6ImRqYW5nby5jb250cmliLmF1dGguYmFja2VuZHMuTW9kZWxCYWNrZW5kIiwiX2F1dGhfdXNlcl9pZCI6MzR9"}}, {"pk": "jdy39okcgb4qyvehzzlyv4ic9gxudqu9", "model": "sessions.session", "fields": {"expire_date": "2014-02-15T00:08:30Z", "session_data": "NGIxYjM3NDg0NDNmYzc3OGEyY2I5MTZlN2EyMTM5NjNkODc0ZDlmNzp7Il9hdXRoX3VzZXJfYmFja2VuZCI6ImRqYW5nby5jb250cmliLmF1dGguYmFja2VuZHMuTW9kZWxCYWNrZW5kIiwiX2F1dGhfdXNlcl9pZCI6Mzl9"}}, {"pk": "juj7bkug37ttw2nki438qaqazsymlb0r", "model": "sessions.session", "fields": {"expire_date": "2014-03-20T18:44:49Z", "session_data": "MjBmYjQ3NGI4MGYxNDQ0ZWQ3MTg3MzU0NjAxOTE4YjRjNTU3MDdjNDp7Il9hdXRoX3VzZXJfYmFja2VuZCI6ImRqYW5nby5jb250cmliLmF1dGguYmFja2VuZHMuTW9kZWxCYWNrZW5kIiwiX2F1dGhfdXNlcl9pZCI6NjV9"}}, {"pk": "khhe9wi25hfkxsa2drax18m2gttu3vda", "model": "sessions.session", "fields": {"expire_date": "2014-04-01T23:42:52Z", "session_data": "NjFiM2Q0YjU0ODQyNzlkZmNlZWNlN2IzZTA5YzI4NzkzOGZjYzE2MTp7fQ=="}}, {"pk": "l70mda9lhl1z50j2wqjq6sn5x5d5vqbq", "model": "sessions.session", "fields": {"expire_date": "2014-03-30T23:47:11Z", "session_data": "NjFiM2Q0YjU0ODQyNzlkZmNlZWNlN2IzZTA5YzI4NzkzOGZjYzE2MTp7fQ=="}}, {"pk": "lkl2b4resjmvijyxdxhx4lw2nrw3llvw", "model": "sessions.session", "fields": {"expire_date": "2014-03-25T22:39:19Z", "session_data": "NjFiM2Q0YjU0ODQyNzlkZmNlZWNlN2IzZTA5YzI4NzkzOGZjYzE2MTp7fQ=="}}, {"pk": "mdl2oao6p3kwbiffvo7okdqz8644wniu", "model": "sessions.session", "fields": {"expire_date": "2014-03-14T00:44:50Z", "session_data": "MzAzYzJlOTdiOTQ4MGY5ZWE5ZmU0MDE1ZThhOTc3MjI0ZDM2ZTkyZjp7Il9hdXRoX3VzZXJfYmFja2VuZCI6ImRqYW5nby5jb250cmliLmF1dGguYmFja2VuZHMuTW9kZWxCYWNrZW5kIiwiX2F1dGhfdXNlcl9pZCI6MTN9"}}, {"pk": "mk9r3uv6rlh8s0udvhh13v1jlj70gi5c", "model": "sessions.session", "fields": {"expire_date": "2014-02-13T04:46:18Z", "session_data": "NjFiM2Q0YjU0ODQyNzlkZmNlZWNlN2IzZTA5YzI4NzkzOGZjYzE2MTp7fQ=="}}, {"pk": "mke0pehv9ds98nhfz69fxehm8l4ygczl", "model": "sessions.session", "fields": {"expire_date": "2014-03-19T18:47:20Z", "session_data": "Y2E2ZmI5YWYwMjFjODlkYmY0NjBkMzQxODFlOGM1Y2I3YjJhOGJmMjp7Il9hdXRoX3VzZXJfYmFja2VuZCI6ImRqYW5nby5jb250cmliLmF1dGguYmFja2VuZHMuTW9kZWxCYWNrZW5kIiwiX2F1dGhfdXNlcl9pZCI6NDF9"}}, {"pk": "nnx5ac0n7kpp9toxi5qjhmw45a3xkhot", "model": "sessions.session", "fields": {"expire_date": "2014-02-16T04:21:07Z", "session_data": "MzAzYzJlOTdiOTQ4MGY5ZWE5ZmU0MDE1ZThhOTc3MjI0ZDM2ZTkyZjp7Il9hdXRoX3VzZXJfYmFja2VuZCI6ImRqYW5nby5jb250cmliLmF1dGguYmFja2VuZHMuTW9kZWxCYWNrZW5kIiwiX2F1dGhfdXNlcl9pZCI6MTN9"}}, {"pk": "ntq0247d0mt11qtdky9d9848e4n1w5n1", "model": "sessions.session", "fields": {"expire_date": "2014-02-20T03:32:29Z", "session_data": "OWQ3Y2MyZTVhYzI2ZTA3ZThlMGIzODhmZjNhNzkxZjQ4ZWNkM2JkODp7Il9hdXRoX3VzZXJfYmFja2VuZCI6ImRqYW5nby5jb250cmliLmF1dGguYmFja2VuZHMuTW9kZWxCYWNrZW5kIiwiX2F1dGhfdXNlcl9pZCI6NTJ9"}}, {"pk": "nxodr2mjylj7q69il27ypk8p7rzpelaw", "model": "sessions.session", "fields": {"expire_date": "2014-02-01T03:53:36Z", "session_data": "ZjU2ZmU2MGZhMTllYmVkMGRhMWNhMzc5YzM1ZTI4NGFiY2M3ZTI3Yjp7fQ=="}}, {"pk": "pbd0qcvwatroi1vpu3hx88f6916dr9ds", "model": "sessions.session", "fields": {"expire_date": "2014-03-18T02:51:44Z", "session_data": "ZWMwOTgyNGQ4YjZlMWE3NWZlNjlmYjMwN2JlOTg1MTFkZDEyZjQwNDp7Il9hdXRoX3VzZXJfYmFja2VuZCI6ImRqYW5nby5jb250cmliLmF1dGguYmFja2VuZHMuTW9kZWxCYWNrZW5kIiwiX2F1dGhfdXNlcl9pZCI6NTV9"}}, {"pk": "pq6paqdjmy4ug83loov6n6qelq5nd5uh", "model": "sessions.session", "fields": {"expire_date": "2014-02-12T21:15:10Z", "session_data": "ZjQzNTJhMGRhZDFmYzQzOTA3ZDA4YmM0YmMzNzM1M2I4MGM5YTA3ODp7Il9hdXRoX3VzZXJfYmFja2VuZCI6ImRqYW5nby5jb250cmliLmF1dGguYmFja2VuZHMuTW9kZWxCYWNrZW5kIiwiX2F1dGhfdXNlcl9pZCI6MzR9"}}, {"pk": "pqcm3b4jmif2jjbxqv3205u796hxrbio", "model": "sessions.session", "fields": {"expire_date": "2014-02-16T21:35:44Z", "session_data": "Y2E2ZmI5YWYwMjFjODlkYmY0NjBkMzQxODFlOGM1Y2I3YjJhOGJmMjp7Il9hdXRoX3VzZXJfYmFja2VuZCI6ImRqYW5nby5jb250cmliLmF1dGguYmFja2VuZHMuTW9kZWxCYWNrZW5kIiwiX2F1dGhfdXNlcl9pZCI6NDF9"}}, {"pk": "q6r687zyxiuvyml4336yehpr2hj4fkeg", "model": "sessions.session", "fields": {"expire_date": "2014-02-12T23:33:07Z", "session_data": "NTAxOWU1MzI4NmZiZWRjYTliZTVlZTA3ZWI5Mzk3MzlkOTY3MDE0Zjp7Il9hdXRoX3VzZXJfYmFja2VuZCI6ImRqYW5nby5jb250cmliLmF1dGguYmFja2VuZHMuTW9kZWxCYWNrZW5kIiwiX2F1dGhfdXNlcl9pZCI6MzV9"}}, {"pk": "qgqxpx3m53k5xpe4llz40w3ry9fbezn5", "model": "sessions.session", "fields": {"expire_date": "2014-04-07T21:10:44Z", "session_data": "MzAzYzJlOTdiOTQ4MGY5ZWE5ZmU0MDE1ZThhOTc3MjI0ZDM2ZTkyZjp7Il9hdXRoX3VzZXJfYmFja2VuZCI6ImRqYW5nby5jb250cmliLmF1dGguYmFja2VuZHMuTW9kZWxCYWNrZW5kIiwiX2F1dGhfdXNlcl9pZCI6MTN9"}}, {"pk": "qpfnno0rlxf4jy99w34e3k12piqawcl8", "model": "sessions.session", "fields": {"expire_date": "2014-04-02T19:06:40Z", "session_data": "MzAzYzJlOTdiOTQ4MGY5ZWE5ZmU0MDE1ZThhOTc3MjI0ZDM2ZTkyZjp7Il9hdXRoX3VzZXJfYmFja2VuZCI6ImRqYW5nby5jb250cmliLmF1dGguYmFja2VuZHMuTW9kZWxCYWNrZW5kIiwiX2F1dGhfdXNlcl9pZCI6MTN9"}}, {"pk": "r3jg0qwl55avod9e86enebvqw96y1ley", "model": "sessions.session", "fields": {"expire_date": "2014-03-18T02:48:27Z", "session_data": "NjFiM2Q0YjU0ODQyNzlkZmNlZWNlN2IzZTA5YzI4NzkzOGZjYzE2MTp7fQ=="}}, {"pk": "se1ybqimztdlyl33kp4ebxszex9uaxq1", "model": "sessions.session", "fields": {"expire_date": "2014-02-15T19:17:48Z", "session_data": "NTQ3OTg5YjZhMTBkMzU1YzIzZjFhNzcxN2U2ZDU3MDE5MTM1NmQ5Yzp7Il9hdXRoX3VzZXJfYmFja2VuZCI6ImRqYW5nby5jb250cmliLmF1dGguYmFja2VuZHMuTW9kZWxCYWNrZW5kIiwiX2F1dGhfdXNlcl9pZCI6MjF9"}}, {"pk": "t2fphq22eecnkdhp7pjjxiumrnilrkus", "model": "sessions.session", "fields": {"expire_date": "2014-03-16T21:16:48Z", "session_data": "MzAzYzJlOTdiOTQ4MGY5ZWE5ZmU0MDE1ZThhOTc3MjI0ZDM2ZTkyZjp7Il9hdXRoX3VzZXJfYmFja2VuZCI6ImRqYW5nby5jb250cmliLmF1dGguYmFja2VuZHMuTW9kZWxCYWNrZW5kIiwiX2F1dGhfdXNlcl9pZCI6MTN9"}}, {"pk": "u3o4xzqdvw166f4e8q2hiv2tyz3fru4v", "model": "sessions.session", "fields": {"expire_date": "2014-03-21T00:51:14Z", "session_data": "NjFiM2Q0YjU0ODQyNzlkZmNlZWNlN2IzZTA5YzI4NzkzOGZjYzE2MTp7fQ=="}}, {"pk": "vj3x302q3d2y2z6c0kti350sm5z4ycm3", "model": "sessions.session", "fields": {"expire_date": "2014-02-14T16:43:02Z", "session_data": "NThmMTk5ZjYyM2NlMTkwYTExM2UzMGQyNzVkZDEyMGMxZjEzODlhNzp7Il9hdXRoX3VzZXJfYmFja2VuZCI6ImRqYW5nby5jb250cmliLmF1dGguYmFja2VuZHMuTW9kZWxCYWNrZW5kIiwiX2F1dGhfdXNlcl9pZCI6Mzh9"}}, {"pk": "wc1uqiatdjgesxl3iaow9lvc5exqxuom", "model": "sessions.session", "fields": {"expire_date": "2014-03-18T06:18:39Z", "session_data": "MWI2NTM5MDA1MjEzMjI1M2EyMjk4NzFkYTI0ZGYwM2ZmZTU5YTIwNDp7Il9hdXRoX3VzZXJfYmFja2VuZCI6ImRqYW5nby5jb250cmliLmF1dGguYmFja2VuZHMuTW9kZWxCYWNrZW5kIiwiX2F1dGhfdXNlcl9pZCI6NDB9"}}, {"pk": "wyvxt4bd3mhra0n7vbck2v2a8sjbh8eq", "model": "sessions.session", "fields": {"expire_date": "2014-03-30T02:56:51Z", "session_data": "MjQxM2RmOGYzZDYyZjc0NWViMGRjNGE4OTNkN2YyNmZlMjM0ODQzMTp7Il9hdXRoX3VzZXJfYmFja2VuZCI6ImRqYW5nby5jb250cmliLmF1dGguYmFja2VuZHMuTW9kZWxCYWNrZW5kIiwiX2F1dGhfdXNlcl9pZCI6NzF9"}}, {"pk": "x3limm0slrchcbth8did0917aj9ypyy1", "model": "sessions.session", "fields": {"expire_date": "2014-02-11T21:00:00Z", "session_data": "MzAzYzJlOTdiOTQ4MGY5ZWE5ZmU0MDE1ZThhOTc3MjI0ZDM2ZTkyZjp7Il9hdXRoX3VzZXJfYmFja2VuZCI6ImRqYW5nby5jb250cmliLmF1dGguYmFja2VuZHMuTW9kZWxCYWNrZW5kIiwiX2F1dGhfdXNlcl9pZCI6MTN9"}}, {"pk": "xcmb61m3vwzf5pfy4jexpbirwvsv926q", "model": "sessions.session", "fields": {"expire_date": "2014-03-18T17:20:47Z", "session_data": "Y2E2ZmI5YWYwMjFjODlkYmY0NjBkMzQxODFlOGM1Y2I3YjJhOGJmMjp7Il9hdXRoX3VzZXJfYmFja2VuZCI6ImRqYW5nby5jb250cmliLmF1dGguYmFja2VuZHMuTW9kZWxCYWNrZW5kIiwiX2F1dGhfdXNlcl9pZCI6NDF9"}}, {"pk": "xp06e1rankyqxxffkj1myhwaj3qdqbsg", "model": "sessions.session", "fields": {"expire_date": "2014-03-19T16:44:37Z", "session_data": "NGM2MDc4Y2FlYmY0ODhlZDM2ZDczMTE5NDcxYzQ5MWI3MzQ3YWFiZjp7Il9hdXRoX3VzZXJfYmFja2VuZCI6ImRqYW5nby5jb250cmliLmF1dGguYmFja2VuZHMuTW9kZWxCYWNrZW5kIiwiX2F1dGhfdXNlcl9pZCI6NDJ9"}}, {"pk": "xpenctq284ripnu0cb3svfur645elfum", "model": "sessions.session", "fields": {"expire_date": "2014-03-06T20:56:59Z", "session_data": "NjFiM2Q0YjU0ODQyNzlkZmNlZWNlN2IzZTA5YzI4NzkzOGZjYzE2MTp7fQ=="}}, {"pk": "xt3oukhso1uo2xncnoucayydda5iwwgb", "model": "sessions.session", "fields": {"expire_date": "2014-03-20T19:58:30Z", "session_data": "YzBhOTY5MWE3ZjJiZmQyZDIxYjBiMzUzYmUzYmE5MTdlMTM0ZTQzZjp7Il9hdXRoX3VzZXJfYmFja2VuZCI6ImRqYW5nby5jb250cmliLmF1dGguYmFja2VuZHMuTW9kZWxCYWNrZW5kIiwiX2F1dGhfdXNlcl9pZCI6NjZ9"}}, {"pk": "yivoz4xg4wmbp0rx2zvvm6cp2rfyt70e", "model": "sessions.session", "fields": {"expire_date": "2014-02-01T03:52:55Z", "session_data": "ZjU2ZmU2MGZhMTllYmVkMGRhMWNhMzc5YzM1ZTI4NGFiY2M3ZTI3Yjp7fQ=="}}, {"pk": "yulmocgsmm9bmbfzmhd6c791n9iqkuc3", "model": "sessions.session", "fields": {"expire_date": "2014-02-20T01:41:36Z", "session_data": "ZjQzNTJhMGRhZDFmYzQzOTA3ZDA4YmM0YmMzNzM1M2I4MGM5YTA3ODp7Il9hdXRoX3VzZXJfYmFja2VuZCI6ImRqYW5nby5jb250cmliLmF1dGguYmFja2VuZHMuTW9kZWxCYWNrZW5kIiwiX2F1dGhfdXNlcl9pZCI6MzR9"}}, {"pk": "z1ku47kk33krincdnolaydybnf7x545x", "model": "sessions.session", "fields": {"expire_date": "2014-03-20T18:24:45Z", "session_data": "MDhlOTY4ODNiZDY2YTA5ZmQyYzQ1YjY3MjNmNWFlZDYwMDJkNzRmOTp7Il9hdXRoX3VzZXJfYmFja2VuZCI6ImRqYW5nby5jb250cmliLmF1dGguYmFja2VuZHMuTW9kZWxCYWNrZW5kIiwiX2F1dGhfdXNlcl9pZCI6NjR9"}}, {"pk": "zf4nm1i6ikgwidbnmvx06yj4ymdrgp5w", "model": "sessions.session", "fields": {"expire_date": "2014-02-01T03:51:29Z", "session_data": "ZjU2ZmU2MGZhMTllYmVkMGRhMWNhMzc5YzM1ZTI4NGFiY2M3ZTI3Yjp7fQ=="}}, {"pk": 1, "model": "sites.site", "fields": {"domain": "example.com", "name": "example.com"}}, {"pk": 16, "model": "products.product", "fields": {"name": "Kikkerland Drunk Shot Glasses", "vertical": 1, "url": "http://www.amazon.com/Kikkerland-Drunk-Shot-Glasses-Set/dp/B003T1D1RG/", "price": "3.49", "item_count": 0, "image_url": "http://ecx.images-amazon.com/images/I/31efEVNuVeL.jpg", "attrs": [], "productType": 1, "duration_in_weeks": 1, "items_in_box": 1, "price_per_box": null, "items_per_purchase": 1, "feedback": []}}, {"pk": 21, "model": "products.product", "fields": {"name": "Chap Stick", "vertical": 3, "url": "http://www.amazon.com/Chapstick-Pack-classic-original-moisturizer/dp/B005KSY9QI/", "price": "14.99", "item_count": 0, "image_url": "http://ecx.images-amazon.com/images/I/81e0NEXzjTL._SL1500_.jpg", "attrs": [], "productType": 3, "duration_in_weeks": 4, "items_in_box": 1, "price_per_box": "1.50", "items_per_purchase": 10, "feedback": [1]}}, {"pk": 27, "model": "products.product", "fields": {"name": "YEC01 Seven Piece Hanky", "vertical": 1, "url": "http://www.amazon.com/YEC0101-Plaid-Present-Cotton-Handkerchiefs/dp/B00ASLPP42/", "price": "15.95", "item_count": -1, "image_url": "http://ecx.images-amazon.com/images/I/5185LD5PDFL.jpg", "attrs": [], "productType": 9, "duration_in_weeks": 8, "items_in_box": 1, "price_per_box": "2.28", "items_per_purchase": 7, "feedback": [1, 14, 27]}}, {"pk": 28, "model": "products.product", "fields": {"name": "Bundle Bowties set 2", "vertical": 1, "url": "http://www.amazon.com/Bundle-Monster-Patterned-Adjustable-Assorted/dp/B006YEUB78/", "price": "10.99", "item_count": -2, "image_url": "http://ecx.images-amazon.com/images/I/512bPZlE%2BQL.jpg", "attrs": [], "productType": 1, "duration_in_weeks": 8, "items_in_box": 1, "price_per_box": "2.20", "items_per_purchase": 5, "feedback": [11, 17, 28]}}, {"pk": 29, "model": "products.product", "fields": {"name": "Hearos Ear Plugs Xtreme Protection", "vertical": 3, "url": "http://www.amazon.com/Hearos-Plugs-Xtreme-Protection-14-Pair/dp/B001EPQ86A", "price": "14.94", "item_count": -1, "image_url": "http://ecx.images-amazon.com/images/I/513mdNTDOpL._SY450_.jpg", "attrs": [], "productType": 5, "duration_in_weeks": 4, "items_in_box": 1, "price_per_box": "4.98", "items_per_purchase": 3, "feedback": [13]}}, {"pk": 30, "model": "products.product", "fields": {"name": "Chap Stick Variety", "vertical": 3, "url": "http://www.amazon.com/Variety-Assorted-Original-Strawberry-Moisturizer/dp/B00658MWUW/", "price": "15.49", "item_count": 7, "image_url": "http://ecx.images-amazon.com/images/I/51waJrxFu%2BL.jpg", "attrs": [], "productType": 3, "duration_in_weeks": 4, "items_in_box": 1, "price_per_box": "1.19", "items_per_purchase": 13, "feedback": [3, 10]}}, {"pk": 31, "model": "products.product", "fields": {"name": "Durex Pleasure Pack", "vertical": 4, "url": "http://www.amazon.com/Durex-Pleasure-Pack-Latex-Condoms/dp/B00B4E00G0/", "price": "17.50", "item_count": 42, "image_url": "http://ecx.images-amazon.com/images/I/71BVomyfI8L._SL1500_.jpg", "attrs": [], "productType": 4, "duration_in_weeks": 4, "items_in_box": 2, "price_per_box": "0.65", "items_per_purchase": 54, "feedback": [4, 16, 20]}}, {"pk": 32, "model": "products.product", "fields": {"name": "Anchor Hocking 12-Pack Heavy Base Shot Glass Set, 1.5-Ounce", "vertical": 5, "url": "http://www.amazon.com/Anchor-Hocking-12-Pack-Heavy-1-5-Ounce/dp/B001CFN8RE/", "price": "18.80", "item_count": 0, "image_url": "http://ecx.images-amazon.com/images/I/41TSph5OyhL.jpg", "attrs": [], "productType": 7, "duration_in_weeks": 12, "items_in_box": 2, "price_per_box": "3.13", "items_per_purchase": 12, "feedback": [5, 8, 21]}}, {"pk": 33, "model": "products.product", "fields": {"name": "Bellagio Chocolate Truffle 3 of 25", "vertical": 2, "url": "http://www.amazon.com/Bellagio-Chocolate-Truffle-1-25-Ounce-Packets/dp/B000I200NW/", "price": "20.00", "item_count": 15, "image_url": "http://ecx.images-amazon.com/images/I/81brpZ16czL._SL1500_.jpg", "attrs": [], "productType": 2, "duration_in_weeks": 2, "items_in_box": 1, "price_per_box": "0.80", "items_per_purchase": 25, "feedback": [15, 26, 32]}}, {"pk": 34, "model": "products.product", "fields": {"name": "Twix", "vertical": 6, "url": "http://www.amazon.com/Twix-Caramel-Chocolate-1-79-Ounce-Packages/dp/B0029JE7RC/", "price": "26.14", "item_count": 26, "image_url": "http://ecx.images-amazon.com/images/I/61t0gybPFBL._SL1500_.jpg", "attrs": [], "productType": 8, "duration_in_weeks": 1, "items_in_box": 1, "price_per_box": "0.73", "items_per_purchase": 36, "feedback": [7, 25, 29, 33]}}, {"pk": 36, "model": "products.product", "fields": {"name": "Ear Muff's", "vertical": 8, "url": "http://www.amazon.com/gp/product/B007EKQCKQ/", "price": "17.56", "item_count": -1, "image_url": "http://ecx.images-amazon.com/images/I/41OIE1pBoeL.jpg", "attrs": [], "productType": 9, "duration_in_weeks": 40, "items_in_box": 1, "price_per_box": "17.56", "items_per_purchase": 1, "feedback": [34]}}, {"pk": 37, "model": "products.product", "fields": {"name": "Dortmund Poster", "vertical": 9, "url": "http://www.amazon.com/gp/product/B00HRWZVZI/", "price": "7.95", "item_count": 1, "image_url": "http://ecx.images-amazon.com/images/I/71hmEzjjETL._SL1500_.jpg", "attrs": [], "productType": 12, "duration_in_weeks": 26, "items_in_box": 1, "price_per_box": "7.95", "items_per_purchase": 1, "feedback": []}}, {"pk": 38, "model": "products.product", "fields": {"name": "Champion Socks", "vertical": 11, "url": "http://www.amazon.com/gp/product/B003YJBYPE/", "price": "11.47", "item_count": 3, "image_url": "http://ecx.images-amazon.com/images/I/41wX2tFLv4L.jpg", "attrs": [], "productType": 14, "duration_in_weeks": 12, "items_in_box": 1, "price_per_box": "1.91", "items_per_purchase": 6, "feedback": []}}, {"pk": 40, "model": "products.product", "fields": {"name": "Dr. Bronner's Soap", "vertical": 3, "url": "http://www.amazon.com/gp/product/B000TGC5TO/", "price": "9.79", "item_count": -1, "image_url": "http://ecx.images-amazon.com/images/I/81dAaYuQ7OL._SL1500_.jpg", "attrs": [], "productType": 15, "duration_in_weeks": 20, "items_in_box": 1, "price_per_box": "9.79", "items_per_purchase": 1, "feedback": []}}, {"pk": 41, "model": "products.product", "fields": {"name": "Wool Socks", "vertical": 8, "url": "http://www.amazon.com/gp/product/B009LB8CX6/", "price": "25.00", "item_count": -2, "image_url": "http://ecx.images-amazon.com/images/I/51a1VpSf%2BlL.jpg", "attrs": [], "productType": 13, "duration_in_weeks": 20, "items_in_box": 1, "price_per_box": "6.25", "items_per_purchase": 4, "feedback": [1, 6, 23, 30]}}, {"pk": 42, "model": "products.product", "fields": {"name": "'Merica Koozie", "vertical": 5, "url": "http://www.amazon.com/gp/product/B00AOAFUCY/", "price": "6.99", "item_count": -1, "image_url": "http://ecx.images-amazon.com/images/I/415bktQTmuL.jpg", "attrs": [], "productType": 17, "duration_in_weeks": 16, "items_in_box": 1, "price_per_box": "6.99", "items_per_purchase": 1, "feedback": [31]}}, {"pk": 54, "model": "boxes.box", "fields": {"feedback": [], "date_modified": "2014-02-05", "price": "17.87", "products": [27, 28, 29, 30, 31, 32, 33, 34, 38], "date_delivered": null, "date_added": "2014-02-05"}}, {"pk": 55, "model": "boxes.box", "fields": {"feedback": [], "date_modified": "2014-02-05", "price": "17.23", "products": [27, 28, 30, 31, 32, 33, 34, 41], "date_delivered": null, "date_added": "2014-02-05"}}, {"pk": 56, "model": "boxes.box", "fields": {"feedback": [], "date_modified": "2014-02-05", "price": "21.00", "products": [33, 34, 36, 38], "date_delivered": null, "date_added": "2014-02-05"}}, {"pk": 57, "model": "boxes.box", "fields": {"feedback": [], "date_modified": "2014-02-05", "price": "22.38", "products": [27, 28, 32, 33, 34, 41, 42], "date_delivered": null, "date_added": "2014-02-05"}}, {"pk": 59, "model": "boxes.box", "fields": {"feedback": [], "date_modified": "2014-02-05", "price": "21.04", "products": [27, 30, 33, 34, 40, 41], "date_delivered": null, "date_added": "2014-02-05"}}, {"pk": 60, "model": "boxes.box", "fields": {"feedback": [], "date_modified": "2014-02-05", "price": "22.21", "products": [27, 28, 29, 30, 31, 32, 33, 34, 41], "date_delivered": null, "date_added": "2014-02-05"}}, {"pk": 61, "model": "boxes.box", "fields": {"feedback": [], "date_modified": "2014-02-05", "price": "20.28", "products": [30, 33, 34, 36], "date_delivered": null, "date_added": "2014-02-05"}}, {"pk": 62, "model": "boxes.box", "fields": {"feedback": [], "date_modified": "2014-02-05", "price": "21.02", "products": [27, 28, 29, 31, 32, 33, 34, 41], "date_delivered": null, "date_added": "2014-02-05"}}, {"pk": 63, "model": "boxes.box", "fields": {"feedback": [], "date_modified": "2014-02-15", "price": "9.14", "products": [27, 28, 32, 33, 34], "date_delivered": null, "date_added": "2014-02-15"}}, {"pk": 64, "model": "boxes.box", "fields": {"feedback": [], "date_modified": "2014-02-15", "price": "22.70", "products": [27, 28, 29, 41, 42], "date_delivered": null, "date_added": "2014-02-15"}}, {"pk": 492, "model": "users.profile", "fields": {"city": "Champaign", "first_name": "Bill", "last_name": "Ted", "preferences": null, "zipcode": "61820", "paid": false, "state": "IL", "date_of_birth": "2006-01-03", "addr2": "", "boxes": [], "current_box": null, "addr1": "310 E Gregory Drive", "access_code": "", "box_to_ship": null}}, {"pk": 499, "model": "users.profile", "fields": {"city": "Champaign", "first_name": "Daniel", "last_name": "Long", "preferences": 8, "zipcode": "61820", "paid": true, "state": "IL", "date_of_birth": "1992-10-04", "addr2": "", "boxes": [], "current_box": 60, "addr1": "310 E Gregory Drive", "access_code": "", "box_to_ship": null}}, {"pk": 500, "model": "users.profile", "fields": {"city": "Urbana", "first_name": "Patrick", "last_name": "Zhou", "preferences": 9, "zipcode": "61801", "paid": true, "state": "illinois", "date_of_birth": "1995-07-19", "addr2": "", "boxes": [], "current_box": null, "addr1": "0264b leonard hall LAR 1005 south lincoln avenue", "access_code": "", "box_to_ship": 55}}, {"pk": 502, "model": "users.profile", "fields": {"city": "Champaign", "first_name": "Zach", "last_name": "Curtis", "preferences": null, "zipcode": "61820", "paid": false, "state": "IL", "date_of_birth": "1995-02-19", "addr2": "", "boxes": [], "current_box": null, "addr1": "206 East Peabody Drive", "access_code": "ready", "box_to_ship": null}}, {"pk": 503, "model": "users.profile", "fields": {"city": "Champaign", "first_name": "Laksh", "last_name": "Dang", "preferences": null, "zipcode": "61820", "paid": true, "state": "Illinois", "date_of_birth": "1993-02-07", "addr2": "", "boxes": [], "current_box": 61, "addr1": "310 E Gregory Dr.", "access_code": "", "box_to_ship": null}}, {"pk": 504, "model": "users.profile", "fields": {"city": "Urbana", "first_name": "Jeffrey", "last_name": "Huang", "preferences": 5, "zipcode": "61801", "paid": true, "state": "Illinois", "date_of_birth": "1995-03-03", "addr2": "1216B trelease hall", "boxes": [], "current_box": null, "addr1": "901 W College Ct", "access_code": "", "box_to_ship": null}}, {"pk": 505, "model": "users.profile", "fields": {"city": "Champaign", "first_name": "Lucas", "last_name": "Raleigh", "preferences": 10, "zipcode": "61820", "paid": true, "state": "Illinois", "date_of_birth": "1991-07-14", "addr2": "Apartment 21", "boxes": [], "current_box": 57, "addr1": "1103 Euclid Street", "access_code": "", "box_to_ship": null}}, {"pk": 506, "model": "users.profile", "fields": {"city": "Champaign", "first_name": "Eric", "last_name": "Edwards", "preferences": 12, "zipcode": "61820", "paid": true, "state": "Illinois", "date_of_birth": "1993-08-06", "addr2": "", "boxes": [], "current_box": null, "addr1": "310 E. Gregory Dr.", "access_code": "ready", "box_to_ship": null}}, {"pk": 507, "model": "users.profile", "fields": {"city": "Champaign", "first_name": "Mike", "last_name": "Radwanski", "preferences": 13, "zipcode": "61820", "paid": true, "state": "Illinois", "date_of_birth": "1992-08-25", "addr2": "Apt 306", "boxes": [], "current_box": 59, "addr1": "301 E Chalmers", "access_code": "", "box_to_ship": null}}, {"pk": 516, "model": "users.profile", "fields": {"city": "Champaign ", "first_name": "Vince ", "last_name": "Mundo", "preferences": 7, "zipcode": "61820", "paid": true, "state": "Illinois", "date_of_birth": "1994-07-12", "addr2": "", "boxes": [], "current_box": 62, "addr1": "310 e Gregory", "access_code": "", "box_to_ship": null}}, {"pk": 517, "model": "users.profile", "fields": {"city": "Urbana", "first_name": "Joshua", "last_name": "Lanzona", "preferences": null, "zipcode": "61801", "paid": false, "state": "Illinois", "date_of_birth": "1994-06-12", "addr2": "Room 408", "boxes": [], "current_box": null, "addr1": "902 College Court", "access_code": "", "box_to_ship": null}}, {"pk": 518, "model": "users.profile", "fields": {"city": "New York", "first_name": "Max", "last_name": "M", "preferences": null, "zipcode": "10002", "paid": false, "state": "New York", "date_of_birth": "1910-01-01", "addr2": "", "boxes": [63], "current_box": 64, "addr1": "252 Broome St", "access_code": "", "box_to_ship": null}}, {"pk": 523, "model": "users.profile", "fields": {"city": "Burr Ridge", "first_name": "Matteo", "last_name": "Hoch", "preferences": 4, "zipcode": "60527", "paid": false, "state": "Illinois", "date_of_birth": "2002-04-07", "addr2": "", "boxes": [], "current_box": null, "addr1": "560 Conway Ct.", "access_code": "ready", "box_to_ship": null}}, {"pk": 524, "model": "users.profile", "fields": {"city": "Peoria", "first_name": "Gregory", "last_name": "Sewall", "preferences": 6, "zipcode": "61615", "paid": true, "state": "IL", "date_of_birth": "1993-05-31", "addr2": "", "boxes": [], "current_box": null, "addr1": "4803 W. Lynnbrook Dr.", "access_code": "", "box_to_ship": null}}, {"pk": 525, "model": "users.profile", "fields": {"city": "Champaign", "first_name": "Jack", "last_name": "Riordan", "preferences": 14, "zipcode": "61820", "paid": true, "state": "IL ", "date_of_birth": "1992-06-18", "addr2": "Apt 306", "boxes": [], "current_box": null, "addr1": "301 e chalmers", "access_code": "ready", "box_to_ship": null}}, {"pk": 526, "model": "users.profile", "fields": {"city": "Champaign", "first_name": "Drew", "last_name": "Mehrmann", "preferences": 11, "zipcode": "61820", "paid": true, "state": "IL", "date_of_birth": "1993-01-14", "addr2": "", "boxes": [], "current_box": null, "addr1": "310 E Gregory", "access_code": "ready", "box_to_ship": null}}, {"pk": 527, "model": "users.profile", "fields": {"city": "Champaign ", "first_name": "Hernan ", "last_name": "Perez", "preferences": 15, "zipcode": "61820", "paid": true, "state": "IL", "date_of_birth": "1992-12-07", "addr2": "", "boxes": [], "current_box": null, "addr1": "107 S Wright Street ", "access_code": "", "box_to_ship": null}}, {"pk": 528, "model": "users.profile", "fields": {"city": "CHAMPAIGN", "first_name": "Michael", "last_name": "Chao", "preferences": 16, "zipcode": "61820", "paid": true, "state": "Illinois", "date_of_birth": "1995-03-14", "addr2": "Hopkins Hall Room 372B", "boxes": [], "current_box": null, "addr1": "103 EAST GREGORY DRIVE", "access_code": "ready", "box_to_ship": null}}, {"pk": 529, "model": "users.profile", "fields": {"city": "Champaign", "first_name": "Ethan", "last_name": "Sherman", "preferences": 17, "zipcode": "61820", "paid": true, "state": "IL", "date_of_birth": "1994-05-31", "addr2": "", "boxes": [], "current_box": null, "addr1": "310 E Gregory Dr", "access_code": "", "box_to_ship": null}}, {"pk": 530, "model": "users.profile", "fields": {"city": "Champaign", "first_name": "Harsha", "last_name": "Bande", "preferences": 18, "zipcode": "61820", "paid": false, "state": "IL", "date_of_birth": "1993-09-26", "addr2": "", "boxes": [], "current_box": null, "addr1": "309 E. Green St., Apt 1401", "access_code": "ready", "box_to_ship": null}}, {"pk": 531, "model": "users.profile", "fields": {"city": "Champaign", "first_name": "Charlie", "last_name": "Murin", "preferences": 19, "zipcode": "61820", "paid": false, "state": "IL", "date_of_birth": "1992-12-26", "addr2": "", "boxes": [], "current_box": null, "addr1": "310 E Gregory Dr.", "access_code": "", "box_to_ship": null}}, {"pk": 532, "model": "users.profile", "fields": {"city": "champaign", "first_name": "Vrishin", "last_name": "Subramaniam", "preferences": 20, "zipcode": "61820", "paid": false, "state": "IL", "date_of_birth": "1992-03-10", "addr2": "Apt 1211", "boxes": [], "current_box": null, "addr1": "310 E Springfield Ave", "access_code": "ready", "box_to_ship": null}}, {"pk": 533, "model": "users.profile", "fields": {"city": "Fort Thomas", "first_name": "Drew", "last_name": "Nagel", "preferences": 21, "zipcode": "41075", "paid": false, "state": "Kentucky ", "date_of_birth": "1992-10-24", "addr2": "", "boxes": [], "current_box": null, "addr1": "216 clover ridge ave", "access_code": "", "box_to_ship": null}}, {"pk": 1, "model": "attr.vertical", "fields": {"name": "swag"}}, {"pk": 2, "model": "attr.vertical", "fields": {"name": "drink"}}, {"pk": 3, "model": "attr.vertical", "fields": {"name": "personal care"}}, {"pk": 4, "model": "attr.vertical", "fields": {"name": "sex"}}, {"pk": 5, "model": "attr.vertical", "fields": {"name": "party"}}, {"pk": 6, "model": "attr.vertical", "fields": {"name": "food"}}, {"pk": 7, "model": "attr.vertical", "fields": {"name": "funny"}}, {"pk": 8, "model": "attr.vertical", "fields": {"name": "winter"}}, {"pk": 9, "model": "attr.vertical", "fields": {"name": "room"}}, {"pk": 11, "model": "attr.vertical", "fields": {"name": "athletic"}}, {"pk": 1, "model": "attr.producttype", "fields": {"name": "bow tie", "vertical": 1}}, {"pk": 2, "model": "attr.producttype", "fields": {"name": "hot chocolate", "vertical": 2}}, {"pk": 3, "model": "attr.producttype", "fields": {"name": "face", "vertical": 3}}, {"pk": 4, "model": "attr.producttype", "fields": {"name": "condoms", "vertical": 4}}, {"pk": 5, "model": "attr.producttype", "fields": {"name": "sleep", "vertical": 3}}, {"pk": 7, "model": "attr.producttype", "fields": {"name": "shot glasses", "vertical": 5}}, {"pk": 8, "model": "attr.producttype", "fields": {"name": "candy bar", "vertical": 6}}, {"pk": 9, "model": "attr.producttype", "fields": {"name": "headware", "vertical": 1}}, {"pk": 10, "model": "attr.producttype", "fields": {"name": "clothes", "vertical": 7}}, {"pk": 11, "model": "attr.producttype", "fields": {"name": "headware", "vertical": 8}}, {"pk": 12, "model": "attr.producttype", "fields": {"name": "poster", "vertical": 9}}, {"pk": 13, "model": "attr.producttype", "fields": {"name": "socks", "vertical": 8}}, {"pk": 14, "model": "attr.producttype", "fields": {"name": "socks", "vertical": 11}}, {"pk": 15, "model": "attr.producttype", "fields": {"name": "soap", "vertical": 3}}, {"pk": 17, "model": "attr.producttype", "fields": {"name": "koozie", "vertical": 5}}, {"pk": 1, "model": "preferences.preferences", "fields": {"hobby2": "aaa", "hobby3": "aaaaaaa", "hobby1": "asdfa", "alcohol": "G", "adj1": "", "adj3": "", "adj2": "", "novelty": true, "underwear_size": "XS", "underwear_type": "BX", "shirt_size": "M", "party": true, "fraternity": true, "clip_on": false}}, {"pk": 2, "model": "preferences.preferences", "fields": {"hobby2": "", "hobby3": "", "hobby1": "asdfa", "alcohol": "G", "adj1": "", "adj3": "", "adj2": "", "novelty": true, "underwear_size": "XS", "underwear_type": "BX", "shirt_size": "M", "party": true, "fraternity": true, "clip_on": false}}, {"pk": 3, "model": "preferences.preferences", "fields": {"hobby2": "", "hobby3": "", "hobby1": "Soccer", "alcohol": "G", "adj1": "", "adj3": "", "adj2": "", "novelty": true, "underwear_size": "S", "underwear_type": "BRF", "shirt_size": "L", "party": true, "fraternity": true, "clip_on": false}}, {"pk": 4, "model": "preferences.preferences", "fields": {"hobby2": "", "hobby3": "", "hobby1": "Soccer", "alcohol": "W", "adj1": "", "adj3": "", "adj2": "", "novelty": true, "underwear_size": "XS", "underwear_type": "BXBRF", "shirt_size": "XL", "party": true, "fraternity": true, "clip_on": false}}, {"pk": 5, "model": "preferences.preferences", "fields": {"hobby2": "", "hobby3": "", "hobby1": "", "alcohol": "V", "adj1": "", "adj3": "", "adj2": "", "novelty": true, "underwear_size": "M", "underwear_type": "BXBRF", "shirt_size": "M", "party": true, "fraternity": true, "clip_on": false}}, {"pk": 6, "model": "preferences.preferences", "fields": {"hobby2": "Michigan Wolverines", "hobby3": "", "hobby1": "Golf", "alcohol": "N", "adj1": "Calculated", "adj3": "", "adj2": "", "novelty": false, "underwear_size": "XL", "underwear_type": "BX", "shirt_size": "XXL", "party": true, "fraternity": true, "clip_on": true}}, {"pk": 7, "model": "preferences.preferences", "fields": {"hobby2": "", "hobby3": "", "hobby1": "", "alcohol": "R", "adj1": "", "adj3": "", "adj2": "", "novelty": false, "underwear_size": "M", "underwear_type": "BXBRF", "shirt_size": "S", "party": true, "fraternity": true, "clip_on": true}}, {"pk": 8, "model": "preferences.preferences", "fields": {"hobby2": "", "hobby3": "", "hobby1": "Athletics/Fitness", "alcohol": "W", "adj1": "Active", "adj3": "", "adj2": "BUsy", "novelty": true, "underwear_size": "M", "underwear_type": "BX", "shirt_size": "M", "party": true, "fraternity": true, "clip_on": true}}, {"pk": 9, "model": "preferences.preferences", "fields": {"hobby2": "", "hobby3": "", "hobby1": "", "alcohol": "R", "adj1": "", "adj3": "", "adj2": "", "novelty": true, "underwear_size": "L", "underwear_type": "BX", "shirt_size": "L", "party": true, "fraternity": true, "clip_on": false}}, {"pk": 10, "model": "preferences.preferences", "fields": {"hobby2": "Working out", "hobby3": "", "hobby1": "Internet Surfing", "alcohol": "W", "adj1": "Quirky", "adj3": "", "adj2": "", "novelty": true, "underwear_size": "M", "underwear_type": "BX", "shirt_size": "M", "party": true, "fraternity": true, "clip_on": false}}, {"pk": 11, "model": "preferences.preferences", "fields": {"hobby2": "Watching Hockey", "hobby3": "Sweg", "hobby1": "Drinking", "alcohol": "V", "adj1": "Hungover", "adj3": "", "adj2": "", "novelty": true, "underwear_size": "M", "underwear_type": "BX", "shirt_size": "L", "party": true, "fraternity": true, "clip_on": true}}, {"pk": 12, "model": "preferences.preferences", "fields": {"hobby2": "", "hobby3": "", "hobby1": "", "alcohol": "W", "adj1": "", "adj3": "", "adj2": "", "novelty": true, "underwear_size": "L", "underwear_type": "BXBRF", "shirt_size": "M", "party": true, "fraternity": true, "clip_on": true}}, {"pk": 13, "model": "preferences.preferences", "fields": {"hobby2": "jamming to tunes", "hobby3": "getting swole", "hobby1": "watching good movies", "alcohol": "W", "adj1": "funny", "adj3": "", "adj2": "friendly", "novelty": true, "underwear_size": "M", "underwear_type": "BX", "shirt_size": "M", "party": true, "fraternity": true, "clip_on": true}}, {"pk": 14, "model": "preferences.preferences", "fields": {"hobby2": "music", "hobby3": "drugs", "hobby1": "sports", "alcohol": "R", "adj1": "tenacious", "adj3": "", "adj2": "lighthearted", "novelty": true, "underwear_size": "M", "underwear_type": "BXBRF", "shirt_size": "M", "party": true, "fraternity": true, "clip_on": true}}, {"pk": 15, "model": "preferences.preferences", "fields": {"hobby2": "Working Out ", "hobby3": "", "hobby1": "DJING", "alcohol": "W", "adj1": "Active ", "adj3": "Fun", "adj2": "Creative ", "novelty": true, "underwear_size": "M", "underwear_type": "BXBRF", "shirt_size": "M", "party": true, "fraternity": true, "clip_on": false}}, {"pk": 16, "model": "preferences.preferences", "fields": {"hobby2": "music", "hobby3": "collecting shoes", "hobby1": "basketball", "alcohol": "V", "adj1": "ambitious", "adj3": "", "adj2": "spontaneous", "novelty": true, "underwear_size": "M", "underwear_type": "BX", "shirt_size": "M", "party": true, "fraternity": true, "clip_on": false}}, {"pk": 17, "model": "preferences.preferences", "fields": {"hobby2": "Billiards", "hobby3": "Sketching pictures", "hobby1": "WRESTLING!!!", "alcohol": "W", "adj1": "Intense", "adj3": "", "adj2": "Caring", "novelty": true, "underwear_size": "L", "underwear_type": "BXBRF", "shirt_size": "M", "party": true, "fraternity": true, "clip_on": true}}, {"pk": 18, "model": "preferences.preferences", "fields": {"hobby2": "", "hobby3": "", "hobby1": "", "alcohol": "R", "adj1": "Awesome", "adj3": "", "adj2": "", "novelty": true, "underwear_size": "L", "underwear_type": "BXBRF", "shirt_size": "XL", "party": true, "fraternity": true, "clip_on": false}}, {"pk": 19, "model": "preferences.preferences", "fields": {"hobby2": "", "hobby3": "", "hobby1": "", "alcohol": "W", "adj1": "", "adj3": "", "adj2": "", "novelty": true, "underwear_size": "M", "underwear_type": "BX", "shirt_size": "L", "party": true, "fraternity": true, "clip_on": false}}, {"pk": 20, "model": "preferences.preferences", "fields": {"hobby2": "Movies", "hobby3": "Technology", "hobby1": "Photography", "alcohol": "W", "adj1": "Spontaneous", "adj3": "", "adj2": "", "novelty": true, "underwear_size": "M", "underwear_type": "BRF", "shirt_size": "M", "party": true, "fraternity": false, "clip_on": false}}, {"pk": 21, "model": "preferences.preferences", "fields": {"hobby2": "Drinking", "hobby3": "", "hobby1": "Fishing", "alcohol": "R", "adj1": "Horny", "adj3": "", "adj2": "", "novelty": true, "underwear_size": "S", "underwear_type": "BXBRF", "shirt_size": "M", "party": true, "fraternity": true, "clip_on": true}}, {"pk": 155, "model": "captcha.captchastore", "fields": {"challenge": "HLJV", "hashkey": "dd095e825f5e653b62eec6d000dda9baed0640ac", "response": "hljv", "expiration": "2014-03-17T07:39:17Z"}}, {"pk": 156, "model": "captcha.captchastore", "fields": {"challenge": "IKII", "hashkey": "de78881187cb419d70f1470bbf2897a04d9feea4", "response": "ikii", "expiration": "2014-03-18T07:24:31Z"}}, {"pk": 157, "model": "captcha.captchastore", "fields": {"challenge": "EYEO", "hashkey": "bab387089684ed1e4f2e8984621507e3b12b9e94", "response": "eyeo", "expiration": "2014-03-18T08:15:21Z"}}, {"pk": 158, "model": "captcha.captchastore", "fields": {"challenge": "PQMZ", "hashkey": "bfd0ee3d938dc61b926f6a633d0c80a82bfcb05a", "response": "pqmz", "expiration": "2014-03-19T05:51:55Z"}}, {"pk": 159, "model": "captcha.captchastore", "fields": {"challenge": "EILF", "hashkey": "55409e40eac0bc882b2ea14f53175dcf57e715c8", "response": "eilf", "expiration": "2014-03-19T05:52:13Z"}}, {"pk": 160, "model": "captcha.captchastore", "fields": {"challenge": "OVYY", "hashkey": "5450237e637f22706fee9f8cc85969e6adf9219f", "response": "ovyy", "expiration": "2014-03-23T08:19:01Z"}}, {"pk": 161, "model": "captcha.captchastore", "fields": {"challenge": "GBYY", "hashkey": "16dfb8e79a21af393b6146f1362b3ce92876fcb9", "response": "gbyy", "expiration": "2014-03-24T20:58:04Z"}}, {"pk": 162, "model": "captcha.captchastore", "fields": {"challenge": "SHPG", "hashkey": "3eb7615d881351dc4b033cc5fa0762a77517cb56", "response": "shpg", "expiration": "2014-03-25T20:25:30Z"}}, {"pk": 163, "model": "captcha.captchastore", "fields": {"challenge": "RTSG", "hashkey": "0bef2ff4896a80936e11111ffab12723687e526f", "response": "rtsg", "expiration": "2014-03-30T02:04:50Z"}}, {"pk": 164, "model": "captcha.captchastore", "fields": {"challenge": "TCFC", "hashkey": "44db47f3d22aea6e9ab4211e582c57b9776e1417", "response": "tcfc", "expiration": "2014-03-30T06:14:10Z"}}, {"pk": 165, "model": "captcha.captchastore", "fields": {"challenge": "ODJK", "hashkey": "64643efe18df4bfdc38b921146fc83498520fbee", "response": "odjk", "expiration": "2014-03-30T06:45:13Z"}}, {"pk": 166, "model": "captcha.captchastore", "fields": {"challenge": "VTDP", "hashkey": "9402f79c58386ff0ab0822ad29ee67aea1375ad7", "response": "vtdp", "expiration": "2014-03-30T08:26:12Z"}}, {"pk": 167, "model": "captcha.captchastore", "fields": {"challenge": "NKUV", "hashkey": "7a826ed7e2691a36fefac38b467a09da2becb80d", "response": "nkuv", "expiration": "2014-03-31T02:53:08Z"}}, {"pk": 168, "model": "captcha.captchastore", "fields": {"challenge": "ERGZ", "hashkey": "4495483dce1466535e77fa22ecb74f81ce47327a", "response": "ergz", "expiration": "2014-03-31T02:53:24Z"}}, {"pk": 169, "model": "captcha.captchastore", "fields": {"challenge": "QIEF", "hashkey": "246531ef6c6cbcd92069ab5e9fa3f436ac7dcf82", "response": "qief", "expiration": "2014-04-06T02:15:44Z"}}, {"pk": 1, "model": "south.migrationhistory", "fields": {"applied": "2014-01-16T06:01:48Z", "app_name": "users", "migration": "0001_initial"}}, {"pk": 10, "model": "south.migrationhistory", "fields": {"applied": "2014-01-16T17:16:33Z", "app_name": "boxes", "migration": "0001_initial"}}, {"pk": 16, "model": "south.migrationhistory", "fields": {"applied": "2014-01-21T02:43:55Z", "app_name": "captcha", "migration": "0001_initial"}}, {"pk": 23, "model": "south.migrationhistory", "fields": {"applied": "2014-02-01T06:34:42Z", "app_name": "attr", "migration": "0001_initial"}}, {"pk": 24, "model": "south.migrationhistory", "fields": {"applied": "2014-02-01T06:34:42Z", "app_name": "attr", "migration": "0002_initial"}}, {"pk": 25, "model": "south.migrationhistory", "fields": {"applied": "2014-02-01T06:35:53Z", "app_name": "attr", "migration": "0003_initial"}}, {"pk": 30, "model": "south.migrationhistory", "fields": {"applied": "2014-02-01T06:40:19Z", "app_name": "attr", "migration": "0004_auto__add_producttype__add_vertical"}}, {"pk": 32, "model": "south.migrationhistory", "fields": {"applied": "2014-02-05T05:11:43Z", "app_name": "boxes", "migration": "0002_initial"}}, {"pk": 33, "model": "south.migrationhistory", "fields": {"applied": "2014-02-05T05:12:41Z", "app_name": "boxes", "migration": "0003_auto__add_field_box_date_delivered__del_field_boxfeedback_user"}}, {"pk": 34, "model": "south.migrationhistory", "fields": {"applied": "2014-02-05T05:30:06Z", "app_name": "boxes", "migration": "0004_auto__chg_field_box_date_delivered"}}, {"pk": 35, "model": "south.migrationhistory", "fields": {"applied": "2014-02-05T05:56:18Z", "app_name": "users", "migration": "0002_initial"}}, {"pk": 38, "model": "south.migrationhistory", "fields": {"applied": "2014-02-05T06:08:46Z", "app_name": "products", "migration": "0001_initial"}}, {"pk": 39, "model": "south.migrationhistory", "fields": {"applied": "2014-02-05T06:25:29Z", "app_name": "products", "migration": "0005_auto__del_field_product_category__del_field_product_items_per_box__del"}}, {"pk": 40, "model": "south.migrationhistory", "fields": {"applied": "2014-02-05T06:28:32Z", "app_name": "products", "migration": "0006_auto__add_productfeedback__del_field_product_feedback"}}, {"pk": 41, "model": "south.migrationhistory", "fields": {"applied": "2014-03-02T19:18:57Z", "app_name": "users", "migration": "0003_auto__add_field_profile_access_code__add_field_profile_preferences"}}, {"pk": 42, "model": "south.migrationhistory", "fields": {"applied": "2014-03-02T19:19:34Z", "app_name": "preferences", "migration": "0001_initial"}}, {"pk": 43, "model": "south.migrationhistory", "fields": {"applied": "2014-03-03T22:02:25Z", "app_name": "preferences", "migration": "0002_auto__del_field_preferences_hometown__add_field_preferences_adj1__add_"}}, {"pk": 1, "model": "auth.permission", "fields": {"codename": "add_permission", "name": "Can add permission", "content_type": 1}}, {"pk": 2, "model": "auth.permission", "fields": {"codename": "change_permission", "name": "Can change permission", "content_type": 1}}, {"pk": 3, "model": "auth.permission", "fields": {"codename": "delete_permission", "name": "Can delete permission", "content_type": 1}}, {"pk": 4, "model": "auth.permission", "fields": {"codename": "add_group", "name": "Can add group", "content_type": 2}}, {"pk": 5, "model": "auth.permission", "fields": {"codename": "change_group", "name": "Can change group", "content_type": 2}}, {"pk": 6, "model": "auth.permission", "fields": {"codename": "delete_group", "name": "Can delete group", "content_type": 2}}, {"pk": 10, "model": "auth.permission", "fields": {"codename": "add_contenttype", "name": "Can add content type", "content_type": 4}}, {"pk": 11, "model": "auth.permission", "fields": {"codename": "change_contenttype", "name": "Can change content type", "content_type": 4}}, {"pk": 12, "model": "auth.permission", "fields": {"codename": "delete_contenttype", "name": "Can delete content type", "content_type": 4}}, {"pk": 13, "model": "auth.permission", "fields": {"codename": "add_session", "name": "Can add session", "content_type": 5}}, {"pk": 14, "model": "auth.permission", "fields": {"codename": "change_session", "name": "Can change session", "content_type": 5}}, {"pk": 15, "model": "auth.permission", "fields": {"codename": "delete_session", "name": "Can delete session", "content_type": 5}}, {"pk": 16, "model": "auth.permission", "fields": {"codename": "add_site", "name": "Can add site", "content_type": 6}}, {"pk": 17, "model": "auth.permission", "fields": {"codename": "change_site", "name": "Can change site", "content_type": 6}}, {"pk": 18, "model": "auth.permission", "fields": {"codename": "delete_site", "name": "Can delete site", "content_type": 6}}, {"pk": 19, "model": "auth.permission", "fields": {"codename": "add_product", "name": "Can add product", "content_type": 7}}, {"pk": 20, "model": "auth.permission", "fields": {"codename": "change_product", "name": "Can change product", "content_type": 7}}, {"pk": 21, "model": "auth.permission", "fields": {"codename": "delete_product", "name": "Can delete product", "content_type": 7}}, {"pk": 22, "model": "auth.permission", "fields": {"codename": "add_logentry", "name": "Can add log entry", "content_type": 8}}, {"pk": 23, "model": "auth.permission", "fields": {"codename": "change_logentry", "name": "Can change log entry", "content_type": 8}}, {"pk": 24, "model": "auth.permission", "fields": {"codename": "delete_logentry", "name": "Can delete log entry", "content_type": 8}}, {"pk": 28, "model": "auth.permission", "fields": {"codename": "add_box", "name": "Can add box", "content_type": 10}}, {"pk": 29, "model": "auth.permission", "fields": {"codename": "change_box", "name": "Can change box", "content_type": 10}}, {"pk": 30, "model": "auth.permission", "fields": {"codename": "delete_box", "name": "Can delete box", "content_type": 10}}, {"pk": 31, "model": "auth.permission", "fields": {"codename": "add_user", "name": "Can add user", "content_type": 11}}, {"pk": 32, "model": "auth.permission", "fields": {"codename": "change_user", "name": "Can change user", "content_type": 11}}, {"pk": 33, "model": "auth.permission", "fields": {"codename": "delete_user", "name": "Can delete user", "content_type": 11}}, {"pk": 34, "model": "auth.permission", "fields": {"codename": "add_migrationhistory", "name": "Can add migration history", "content_type": 12}}, {"pk": 35, "model": "auth.permission", "fields": {"codename": "change_migrationhistory", "name": "Can change migration history", "content_type": 12}}, {"pk": 36, "model": "auth.permission", "fields": {"codename": "delete_migrationhistory", "name": "Can delete migration history", "content_type": 12}}, {"pk": 37, "model": "auth.permission", "fields": {"codename": "add_productsurvey", "name": "Can add product survey", "content_type": 13}}, {"pk": 38, "model": "auth.permission", "fields": {"codename": "change_productsurvey", "name": "Can change product survey", "content_type": 13}}, {"pk": 39, "model": "auth.permission", "fields": {"codename": "delete_productsurvey", "name": "Can delete product survey", "content_type": 13}}, {"pk": 40, "model": "auth.permission", "fields": {"codename": "add_boxsurvey", "name": "Can add box survey", "content_type": 14}}, {"pk": 41, "model": "auth.permission", "fields": {"codename": "change_boxsurvey", "name": "Can change box survey", "content_type": 14}}, {"pk": 42, "model": "auth.permission", "fields": {"codename": "delete_boxsurvey", "name": "Can delete box survey", "content_type": 14}}, {"pk": 43, "model": "auth.permission", "fields": {"codename": "add_profile", "name": "Can add profile", "content_type": 15}}, {"pk": 44, "model": "auth.permission", "fields": {"codename": "change_profile", "name": "Can change profile", "content_type": 15}}, {"pk": 45, "model": "auth.permission", "fields": {"codename": "delete_profile", "name": "Can delete profile", "content_type": 15}}, {"pk": 46, "model": "auth.permission", "fields": {"codename": "add_eventprocessingexception", "name": "Can add event processing exception", "content_type": 16}}, {"pk": 47, "model": "auth.permission", "fields": {"codename": "change_eventprocessingexception", "name": "Can change event processing exception", "content_type": 16}}, {"pk": 48, "model": "auth.permission", "fields": {"codename": "delete_eventprocessingexception", "name": "Can delete event processing exception", "content_type": 16}}, {"pk": 49, "model": "auth.permission", "fields": {"codename": "add_event", "name": "Can add event", "content_type": 17}}, {"pk": 50, "model": "auth.permission", "fields": {"codename": "change_event", "name": "Can change event", "content_type": 17}}, {"pk": 51, "model": "auth.permission", "fields": {"codename": "delete_event", "name": "Can delete event", "content_type": 17}}, {"pk": 52, "model": "auth.permission", "fields": {"codename": "add_transfer", "name": "Can add transfer", "content_type": 18}}, {"pk": 53, "model": "auth.permission", "fields": {"codename": "change_transfer", "name": "Can change transfer", "content_type": 18}}, {"pk": 54, "model": "auth.permission", "fields": {"codename": "delete_transfer", "name": "Can delete transfer", "content_type": 18}}, {"pk": 55, "model": "auth.permission", "fields": {"codename": "add_transferchargefee", "name": "Can add transfer charge fee", "content_type": 19}}, {"pk": 56, "model": "auth.permission", "fields": {"codename": "change_transferchargefee", "name": "Can change transfer charge fee", "content_type": 19}}, {"pk": 57, "model": "auth.permission", "fields": {"codename": "delete_transferchargefee", "name": "Can delete transfer charge fee", "content_type": 19}}, {"pk": 58, "model": "auth.permission", "fields": {"codename": "add_customer", "name": "Can add customer", "content_type": 20}}, {"pk": 59, "model": "auth.permission", "fields": {"codename": "change_customer", "name": "Can change customer", "content_type": 20}}, {"pk": 60, "model": "auth.permission", "fields": {"codename": "delete_customer", "name": "Can delete customer", "content_type": 20}}, {"pk": 61, "model": "auth.permission", "fields": {"codename": "add_currentsubscription", "name": "Can add current subscription", "content_type": 21}}, {"pk": 62, "model": "auth.permission", "fields": {"codename": "change_currentsubscription", "name": "Can change current subscription", "content_type": 21}}, {"pk": 63, "model": "auth.permission", "fields": {"codename": "delete_currentsubscription", "name": "Can delete current subscription", "content_type": 21}}, {"pk": 64, "model": "auth.permission", "fields": {"codename": "add_invoice", "name": "Can add invoice", "content_type": 22}}, {"pk": 65, "model": "auth.permission", "fields": {"codename": "change_invoice", "name": "Can change invoice", "content_type": 22}}, {"pk": 66, "model": "auth.permission", "fields": {"codename": "delete_invoice", "name": "Can delete invoice", "content_type": 22}}, {"pk": 67, "model": "auth.permission", "fields": {"codename": "add_invoiceitem", "name": "Can add invoice item", "content_type": 23}}, {"pk": 68, "model": "auth.permission", "fields": {"codename": "change_invoiceitem", "name": "Can change invoice item", "content_type": 23}}, {"pk": 69, "model": "auth.permission", "fields": {"codename": "delete_invoiceitem", "name": "Can delete invoice item", "content_type": 23}}, {"pk": 70, "model": "auth.permission", "fields": {"codename": "add_charge", "name": "Can add charge", "content_type": 24}}, {"pk": 71, "model": "auth.permission", "fields": {"codename": "change_charge", "name": "Can change charge", "content_type": 24}}, {"pk": 72, "model": "auth.permission", "fields": {"codename": "delete_charge", "name": "Can delete charge", "content_type": 24}}, {"pk": 85, "model": "auth.permission", "fields": {"codename": "add_attr", "name": "Can add attr", "content_type": 29}}, {"pk": 86, "model": "auth.permission", "fields": {"codename": "change_attr", "name": "Can change attr", "content_type": 29}}, {"pk": 87, "model": "auth.permission", "fields": {"codename": "delete_attr", "name": "Can delete attr", "content_type": 29}}, {"pk": 88, "model": "auth.permission", "fields": {"codename": "add_profileattr", "name": "Can add profile attr", "content_type": 30}}, {"pk": 89, "model": "auth.permission", "fields": {"codename": "change_profileattr", "name": "Can change profile attr", "content_type": 30}}, {"pk": 90, "model": "auth.permission", "fields": {"codename": "delete_profileattr", "name": "Can delete profile attr", "content_type": 30}}, {"pk": 91, "model": "auth.permission", "fields": {"codename": "add_boxattr", "name": "Can add box attr", "content_type": 31}}, {"pk": 92, "model": "auth.permission", "fields": {"codename": "change_boxattr", "name": "Can change box attr", "content_type": 31}}, {"pk": 93, "model": "auth.permission", "fields": {"codename": "delete_boxattr", "name": "Can delete box attr", "content_type": 31}}, {"pk": 94, "model": "auth.permission", "fields": {"codename": "add_captchastore", "name": "Can add captcha store", "content_type": 32}}, {"pk": 95, "model": "auth.permission", "fields": {"codename": "change_captchastore", "name": "Can change captcha store", "content_type": 32}}, {"pk": 96, "model": "auth.permission", "fields": {"codename": "delete_captchastore", "name": "Can delete captcha store", "content_type": 32}}, {"pk": 97, "model": "auth.permission", "fields": {"codename": "add_productattr", "name": "Can add product attr", "content_type": 33}}, {"pk": 98, "model": "auth.permission", "fields": {"codename": "change_productattr", "name": "Can change product attr", "content_type": 33}}, {"pk": 99, "model": "auth.permission", "fields": {"codename": "delete_productattr", "name": "Can delete product attr", "content_type": 33}}, {"pk": 100, "model": "auth.permission", "fields": {"codename": "add_boxfeedback", "name": "Can add box feedback", "content_type": 34}}, {"pk": 101, "model": "auth.permission", "fields": {"codename": "change_boxfeedback", "name": "Can change box feedback", "content_type": 34}}, {"pk": 102, "model": "auth.permission", "fields": {"codename": "delete_boxfeedback", "name": "Can delete box feedback", "content_type": 34}}, {"pk": 109, "model": "auth.permission", "fields": {"codename": "add_vertical", "name": "Can add vertical", "content_type": 37}}, {"pk": 110, "model": "auth.permission", "fields": {"codename": "change_vertical", "name": "Can change vertical", "content_type": 37}}, {"pk": 111, "model": "auth.permission", "fields": {"codename": "delete_vertical", "name": "Can delete vertical", "content_type": 37}}, {"pk": 112, "model": "auth.permission", "fields": {"codename": "add_producttype", "name": "Can add product type", "content_type": 38}}, {"pk": 113, "model": "auth.permission", "fields": {"codename": "change_producttype", "name": "Can change product type", "content_type": 38}}, {"pk": 114, "model": "auth.permission", "fields": {"codename": "delete_producttype", "name": "Can delete product type", "content_type": 38}}, {"pk": 118, "model": "auth.permission", "fields": {"codename": "add_productfeedback", "name": "Can add product feedback", "content_type": 40}}, {"pk": 119, "model": "auth.permission", "fields": {"codename": "change_productfeedback", "name": "Can change product feedback", "content_type": 40}}, {"pk": 120, "model": "auth.permission", "fields": {"codename": "delete_productfeedback", "name": "Can delete product feedback", "content_type": 40}}, {"pk": 121, "model": "auth.permission", "fields": {"codename": "add_preferences", "name": "Can add preferences", "content_type": 41}}, {"pk": 122, "model": "auth.permission", "fields": {"codename": "change_preferences", "name": "Can change preferences", "content_type": 41}}, {"pk": 123, "model": "auth.permission", "fields": {"codename": "delete_preferences", "name": "Can delete preferences", "content_type": 41}}, {"pk": 13, "model": "users.user", "fields": {"username": "joshua", "profile": null, "first_name": "", "last_name": "", "is_active": true, "is_superuser": true, "is_staff": true, "last_login": "2014-04-03T13:37:39Z", "groups": [], "user_permissions": [], "password": "pbkdf2_sha256$12000$qKZvwkDBb9lR$P57JrLir+BW56a8+xvT7vYYXHIOCpJg7M6eJwfXWdtE=", "email": "minime@hochweb.com", "date_joined": "2014-01-18T17:32:34Z"}}, {"pk": 34, "model": "users.user", "fields": {"username": "dan5664@sbcglobal.net", "profile": 499, "first_name": "", "last_name": "", "is_active": true, "is_superuser": false, "is_staff": false, "last_login": "2014-03-04T02:59:12Z", "groups": [], "user_permissions": [], "password": "pbkdf2_sha256$12000$NXhcFsjXm1d4$2ZguqfMt873c3kojO0LwcBcSMWNnXo/EN0s3EvM+XJQ=", "email": "", "date_joined": "2014-01-29T21:15:10Z"}}, {"pk": 35, "model": "users.user", "fields": {"username": "pzhou10@illinois.edu", "profile": 500, "first_name": "", "last_name": "", "is_active": true, "is_superuser": false, "is_staff": false, "last_login": "2014-03-04T04:34:39Z", "groups": [], "user_permissions": [], "password": "pbkdf2_sha256$12000$hPd0K1CiVZmt$tJJJ1WrbUdqDRpqvK1foCzxBfBao5/OgSUoBoTiHFxA=", "email": "", "date_joined": "2014-01-29T23:33:06Z"}}, {"pk": 37, "model": "users.user", "fields": {"username": "zcurtis2@illinois.edu", "profile": 502, "first_name": "", "last_name": "", "is_active": true, "is_superuser": false, "is_staff": false, "last_login": "2014-03-04T11:10:37Z", "groups": [], "user_permissions": [], "password": "pbkdf2_sha256$12000$3Ced53sYC9p8$3iMcKJRatqln7Ns3M8ufTAlM1ICfmJ+UoQkLpItl0Bg=", "email": "", "date_joined": "2014-01-30T04:44:24Z"}}, {"pk": 38, "model": "users.user", "fields": {"username": "laksh_dang123@hotmail.com", "profile": 503, "first_name": "", "last_name": "", "is_active": true, "is_superuser": false, "is_staff": false, "last_login": "2014-03-07T01:04:42Z", "groups": [], "user_permissions": [], "password": "pbkdf2_sha256$12000$y6pMQ9kR1l0k$uNU+kPBYxOasNvuAFTmBa3XZwBVBHVL/7hjrnUdkup0=", "email": "", "date_joined": "2014-01-31T16:43:02Z"}}, {"pk": 39, "model": "users.user", "fields": {"username": "Jeffrey.huang977@gmail.com", "profile": 504, "first_name": "", "last_name": "", "is_active": true, "is_superuser": false, "is_staff": false, "last_login": "2014-03-11T22:39:17Z", "groups": [], "user_permissions": [], "password": "pbkdf2_sha256$12000$mJKRBgJv01cB$FSU2AUKpxnLdblFtPnG7pbLHvKFRwnW/N0tSQ4zp80M=", "email": "", "date_joined": "2014-02-01T00:08:30Z"}}, {"pk": 40, "model": "users.user", "fields": {"username": "raleigh6@illinois.edu", "profile": 505, "first_name": "", "last_name": "", "is_active": true, "is_superuser": false, "is_staff": false, "last_login": "2014-03-04T06:18:39Z", "groups": [], "user_permissions": [], "password": "pbkdf2_sha256$12000$v02JONHtF73E$DclMfq3TRLy0HSykVZvWxCce/vyATFqi5xG1EdhJa/Q=", "email": "", "date_joined": "2014-02-01T21:16:33Z"}}, {"pk": 41, "model": "users.user", "fields": {"username": "eeedwar2@illinois.edu", "profile": 506, "first_name": "", "last_name": "", "is_active": true, "is_superuser": false, "is_staff": false, "last_login": "2014-03-05T18:47:20Z", "groups": [], "user_permissions": [], "password": "pbkdf2_sha256$12000$AJNk13GSL78T$sM0TmOCy/t+o9q8cChsMM7Tj80ku4pNljcVa5ztTC8o=", "email": "", "date_joined": "2014-02-02T21:35:44Z"}}, {"pk": 42, "model": "users.user", "fields": {"username": "radwans1@illinois.edu", "profile": 507, "first_name": "", "last_name": "", "is_active": true, "is_superuser": false, "is_staff": false, "last_login": "2014-03-05T16:44:36Z", "groups": [], "user_permissions": [], "password": "pbkdf2_sha256$12000$w0uCevEwNF2v$y1kan0VsOi2ETwll8uNGRbGbhTAGTAaq1RNLKz7iZkU=", "email": "", "date_joined": "2014-02-03T20:19:55Z"}}, {"pk": 52, "model": "users.user", "fields": {"username": "Vicente.mundo@yahoo.com", "profile": 516, "first_name": "", "last_name": "", "is_active": true, "is_superuser": false, "is_staff": false, "last_login": "2014-03-04T02:43:31Z", "groups": [], "user_permissions": [], "password": "pbkdf2_sha256$12000$d9Y8X27eDIuw$R18vqwv15RcHzNI1imtJNTkulqXpQQumz+ThGoRqYNc=", "email": "", "date_joined": "2014-02-06T03:32:29Z"}}, {"pk": 53, "model": "users.user", "fields": {"username": "lanzona2@illinois.edu", "profile": 517, "first_name": "", "last_name": "", "is_active": true, "is_superuser": false, "is_staff": false, "last_login": "2014-02-13T17:31:03Z", "groups": [], "user_permissions": [], "password": "pbkdf2_sha256$12000$KzaO5sgF5xav$Q+3AkcHKHF4nXFhf2jOWpTfAE7KeVBO5h9HL64Brsfg=", "email": "", "date_joined": "2014-02-13T17:31:02Z"}}, {"pk": 54, "model": "users.user", "fields": {"username": "mjm654@nyu.edu", "profile": 518, "first_name": "", "last_name": "", "is_active": true, "is_superuser": false, "is_staff": false, "last_login": "2014-03-11T23:36:57Z", "groups": [], "user_permissions": [], "password": "pbkdf2_sha256$12000$GIXFdu97phdb$KXmltVvU4FnIv0EzUwQxU3ri0ejUbQR0I11optBRjpo=", "email": "", "date_joined": "2014-02-16T00:49:39Z"}}, {"pk": 55, "model": "users.user", "fields": {"username": "mhoch2@illinois.edu", "profile": 523, "first_name": "", "last_name": "", "is_active": true, "is_superuser": false, "is_staff": false, "last_login": "2014-03-04T02:51:44Z", "groups": [], "user_permissions": [], "password": "pbkdf2_sha256$12000$alfGn086GW5H$9cTUQqKNpnIacvlw9WjG4ZUtvHLStbHpo8oHrvsaUEU=", "email": "", "date_joined": "2014-02-16T02:01:35Z"}}, {"pk": 56, "model": "users.user", "fields": {"username": "boxman", "profile": null, "first_name": "", "last_name": "", "is_active": true, "is_superuser": true, "is_staff": true, "last_login": "2014-02-16T22:07:21Z", "groups": [], "user_permissions": [], "password": "pbkdf2_sha256$12000$f0prLqSY2j8S$VLfMXqFWusfPmjX0nCYe7+nmD+eNXC9QkfknhUFWRaE=", "email": "matteo@thenicepackage.com", "date_joined": "2014-02-16T02:09:23Z"}}, {"pk": 61, "model": "users.user", "fields": {"username": "greg.sewall@gmail.com", "profile": 524, "first_name": "", "last_name": "", "is_active": true, "is_superuser": false, "is_staff": false, "last_login": "2014-03-04T02:39:40Z", "groups": [], "user_permissions": [], "password": "pbkdf2_sha256$12000$UEPTM6QsdGrt$D/qyUzu1ID1eMhNj2amgy7WRxUG6NiSmEo9HNqDAF3c=", "email": "", "date_joined": "2014-03-04T02:39:40Z"}}, {"pk": 62, "model": "users.user", "fields": {"username": "Jackriordan2@gmail.com", "profile": 525, "first_name": "", "last_name": "", "is_active": true, "is_superuser": false, "is_staff": false, "last_login": "2014-04-02T19:25:44Z", "groups": [], "user_permissions": [], "password": "pbkdf2_sha256$12000$EbrvKTNB4ssv$KB1kC6DAa+TOM0/Ua7l29CBmsQxD7CyLKYXk5IC9jdA=", "email": "", "date_joined": "2014-03-04T02:47:07Z"}}, {"pk": 63, "model": "users.user", "fields": {"username": "dkmehrmann@gmail.com", "profile": 526, "first_name": "", "last_name": "", "is_active": true, "is_superuser": false, "is_staff": false, "last_login": "2014-03-04T15:09:41Z", "groups": [], "user_permissions": [], "password": "pbkdf2_sha256$12000$gmTJO1bvWlSX$Ui9zwJlWgs9GNasiGLHZvvlAh1MOI9RptiGBd72J1zQ=", "email": "", "date_joined": "2014-03-04T15:09:41Z"}}, {"pk": 64, "model": "users.user", "fields": {"username": "hpperez2@illinois.edu", "profile": 527, "first_name": "", "last_name": "", "is_active": true, "is_superuser": false, "is_staff": false, "last_login": "2014-03-06T18:24:45Z", "groups": [], "user_permissions": [], "password": "pbkdf2_sha256$12000$ChRxGNVcU86m$rFmGvodCTDFGn9uuO2aiDm+ooKRoaQ1n9eM2bjslCDM=", "email": "", "date_joined": "2014-03-06T18:18:48Z"}}, {"pk": 65, "model": "users.user", "fields": {"username": "mchao314@gmail.com", "profile": 528, "first_name": "", "last_name": "", "is_active": true, "is_superuser": false, "is_staff": false, "last_login": "2014-03-06T18:44:48Z", "groups": [], "user_permissions": [], "password": "pbkdf2_sha256$12000$bRk6tovydmBc$bYEbliDPqH2eJ3qiXF3NOsHcQwodQUzaiWgxheclWBQ=", "email": "", "date_joined": "2014-03-06T18:44:48Z"}}, {"pk": 66, "model": "users.user", "fields": {"username": "Ecsherman@hotmail.com", "profile": 529, "first_name": "", "last_name": "", "is_active": true, "is_superuser": false, "is_staff": false, "last_login": "2014-03-06T19:58:30Z", "groups": [], "user_permissions": [], "password": "pbkdf2_sha256$12000$fzPIUhSXpVZK$1vMAi9vVJ9nMLYwgR9sXsCkbNrqLdnKu7EZnZXSZxmY=", "email": "", "date_joined": "2014-03-06T19:58:30Z"}}, {"pk": 67, "model": "users.user", "fields": {"username": "harsha_bande@yahoo.com", "profile": 530, "first_name": "", "last_name": "", "is_active": true, "is_superuser": false, "is_staff": false, "last_login": "2014-03-06T23:55:08Z", "groups": [], "user_permissions": [], "password": "pbkdf2_sha256$12000$UsUrv57pocOi$MOKe9fqvbAgVFWOjKddYTe057H2YK1o3fDNj9RFlgYg=", "email": "", "date_joined": "2014-03-06T23:55:08Z"}}, {"pk": 68, "model": "users.user", "fields": {"username": "jakupi1@illinois.edu", "profile": null, "first_name": "", "last_name": "", "is_active": true, "is_superuser": false, "is_staff": false, "last_login": "2014-03-07T00:51:00Z", "groups": [], "user_permissions": [], "password": "pbkdf2_sha256$12000$GYxaOjxmV37f$TuQ46RXsZkzHlCAI5tCfF/63k++D/sn9FLT5sEcECy0=", "email": "", "date_joined": "2014-03-07T00:51:00Z"}}, {"pk": 69, "model": "users.user", "fields": {"username": "cemurin@comcast.net", "profile": 531, "first_name": "", "last_name": "", "is_active": true, "is_superuser": false, "is_staff": false, "last_login": "2014-03-11T20:12:05Z", "groups": [], "user_permissions": [], "password": "pbkdf2_sha256$12000$35VyYg6YUp5C$HRSxha2wZugX4faZPJyw92ecm7Tpjyw/o626E3GsfD0=", "email": "", "date_joined": "2014-03-11T20:12:05Z"}}, {"pk": 70, "model": "users.user", "fields": {"username": "vrishins@gmail.com", "profile": 532, "first_name": "", "last_name": "", "is_active": true, "is_superuser": false, "is_staff": false, "last_login": "2014-03-11T23:38:38Z", "groups": [], "user_permissions": [], "password": "pbkdf2_sha256$12000$CvfmPHUUpmTW$hjs4y/d/LNftJZRYtc/Bnx/699002I9QPTRLs0R4Cs4=", "email": "", "date_joined": "2014-03-11T23:38:38Z"}}, {"pk": 71, "model": "users.user", "fields": {"username": "Drewnagl@yahoo.com", "profile": 533, "first_name": "", "last_name": "", "is_active": true, "is_superuser": false, "is_staff": false, "last_login": "2014-03-16T02:56:51Z", "groups": [], "user_permissions": [], "password": "pbkdf2_sha256$12000$ctqFqMUUsngZ$4aRgCyrUQITulhVS/Zn5czHHfpcs9f1qC44b7EskwSA=", "email": "", "date_joined": "2014-03-16T02:56:51Z"}}, {"pk": 1, "model": "boxes.boxfeedback", "fields": {"feedback": "small", "user": []}}, {"pk": 1, "model": "products.productfeedback", "fields": {"feedback": "like", "user": []}}, {"pk": 2, "model": "products.productfeedback", "fields": {"feedback": "ok", "user": []}}, {"pk": 3, "model": "products.productfeedback", "fields": {"feedback": "already have", "user": []}}, {"pk": 4, "model": "products.productfeedback", "fields": {"feedback": "ok", "user": []}}, {"pk": 5, "model": "products.productfeedback", "fields": {"feedback": "ok", "user": []}}, {"pk": 6, "model": "products.productfeedback", "fields": {"feedback": "like", "user": [34]}}, {"pk": 7, "model": "products.productfeedback", "fields": {"feedback": "ok", "user": [34]}}, {"pk": 8, "model": "products.productfeedback", "fields": {"feedback": "like", "user": [34]}}, {"pk": 10, "model": "products.productfeedback", "fields": {"feedback": "ok", "user": [34]}}, {"pk": 11, "model": "products.productfeedback", "fields": {"feedback": "dislike", "user": [34]}}, {"pk": 13, "model": "products.productfeedback", "fields": {"feedback": "dislike", "user": [34]}}, {"pk": 14, "model": "products.productfeedback", "fields": {"feedback": "ok", "user": [34]}}, {"pk": 15, "model": "products.productfeedback", "fields": {"feedback": "like", "user": [34]}}, {"pk": 16, "model": "products.productfeedback", "fields": {"feedback": "already have", "user": [34]}}, {"pk": 17, "model": "products.productfeedback", "fields": {"feedback": "ok", "user": [54]}}, {"pk": 20, "model": "products.productfeedback", "fields": {"feedback": "like", "user": [52]}}, {"pk": 21, "model": "products.productfeedback", "fields": {"feedback": "like", "user": [52]}}, {"pk": 23, "model": "products.productfeedback", "fields": {"feedback": "like", "user": [52]}}, {"pk": 25, "model": "products.productfeedback", "fields": {"feedback": "like", "user": [52]}}, {"pk": 26, "model": "products.productfeedback", "fields": {"feedback": "ok", "user": [52]}}, {"pk": 27, "model": "products.productfeedback", "fields": {"feedback": "like", "user": [40]}}, {"pk": 28, "model": "products.productfeedback", "fields": {"feedback": "like", "user": [40]}}, {"pk": 29, "model": "products.productfeedback", "fields": {"feedback": "like", "user": [40]}}, {"pk": 30, "model": "products.productfeedback", "fields": {"feedback": "like", "user": [40]}}, {"pk": 31, "model": "products.productfeedback", "fields": {"feedback": "ok", "user": [40]}}, {"pk": 32, "model": "products.productfeedback", "fields": {"feedback": "ok", "user": [40]}}, {"pk": 33, "model": "products.productfeedback", "fields": {"feedback": "ok", "user": [38]}}, {"pk": 34, "model": "products.productfeedback", "fields": {"feedback": "like", "user": [38]}}]